qid,mysql_can_execute?,mysql_correct?,mysql_query
0,Y,N,"SELECT A.ACTIVITY_DATE AS DAY, COUNT(DISTINCT A.USER_ID) AS ACTIVE_USERS FROM ACTIVITY A WHERE DATEDIFF('2019-07-27', ACTIVITY_DATE) < 30 GROUP BY DAY"
1,Y,N,"SELECT ACTIVITY.ACTIVITY_DATE AS DAY , COUNT(DISTINCT ACTIVITY.USER_ID) AS ACTIVE_USERS FROM ACTIVITY WHERE DATEDIFF('2019-07-27', ACTIVITY.ACTIVITY_DATE) < 30 GROUP BY ACTIVITY.ACTIVITY_DATE"
2,Y,N,"SELECT DISTINCT ACTIVITY_DATE AS DAY, COUNT(DISTINCT USER_ID) AS ACTIVE_USERS FROM ACTIVITY WHERE ACTIVITY_DATE > DATE_SUB('2019-07-27', INTERVAL 30 DAY) GROUP BY ACTIVITY_DATE"
3,Y,Y,"SELECT DISTINCT ACTIVITY_DATE AS DAY, COUNT(DISTINCT USER_ID) AS ACTIVE_USERS FROM ACTIVITY WHERE ACTIVITY_DATE BETWEEN '2019-06-28' AND '2019-07-27' GROUP BY ACTIVITY_DATE"
4,Y,Y,"SELECT ACTIVITY_DATE DAY , COUNT(DISTINCT USER_ID) ACTIVE_USERS FROM ACTIVITY WHERE ACTIVITY_DATE BETWEEN '2019-06-28' AND '2019-07-27' GROUP BY ACTIVITY_DATE ORDER BY DAY"
5,Y,Y,"SELECT ACTIVITY_DATE DAY , COUNT(DISTINCT USER_ID) ACTIVE_USERS FROM ACTIVITY WHERE ACTIVITY_DATE BETWEEN DATE_SUB('2019-07-27', INTERVAL 29 DAY) AND '2019-07-27' GROUP BY ACTIVITY_DATE ORDER BY DAY"
6,Y,N,"SELECT ACTIVITY_DATE AS DAY , COUNT(DISTINCT USER_ID) AS ACTIVE_USERS FROM ACTIVITY WHERE DATEDIFF('2019-07-27', ACTIVITY_DATE) < 30 GROUP BY ACTIVITY_DATE"
7,Y,Y,"SELECT ACTIVITY_DATE AS DAY , COUNT(DISTINCT USER_ID) AS ACTIVE_USERS FROM ACTIVITY WHERE ACTIVITY_DATE BETWEEN DATE_SUB('2019-07-27', INTERVAL 29 DAY) AND '2019-07-27' GROUP BY ACTIVITY_DATE ORDER BY ACTIVITY_DATE ASC"
8,Y,Y,"SELECT ACTIVITY_DATE AS DAY, COUNT(DISTINCT USER_ID ) AS ACTIVE_USERS FROM ACTIVITY WHERE ACTIVITY_DATE BETWEEN ('2019-07-27' - INTERVAL 29 DAY) AND '2019-07-27' GROUP BY 1"
9,Y,N,"SELECT ACTIVITY_DATE AS DAY, COUNT(DISTINCT USER_ID) AS ACTIVE_USERS FROM ( SELECT DISTINCT ACTIVITY_DATE, USER_ID FROM ACTIVITY WHERE ACTIVITY_DATE > DATE_SUB('2019-07-27', INTERVAL 30 DAY) GROUP BY ACTIVITY_DATE, USER_ID HAVING COUNT(DISTINCT ACTIVITY_TYPE) >= 1 ) AS TMP GROUP BY ACTIVITY_DATE"
10,Y,Y,"SELECT ACTIVITY_DATE AS DAY, COUNT(DISTINCT USER_ID) AS ACTIVE_USERS FROM ACTIVITY GROUP BY ACTIVITY_DATE HAVING ACTIVITY_DATE <= '2019-07-27' AND ACTIVITY_DATE > '2019-06-27'"
11,Y,Y,"SELECT ACTIVITY_DATE AS DAY, COUNT(DISTINCT USER_ID) AS ACTIVE_USERS FROM ACTIVITY GROUP BY ACTIVITY_DATE HAVING ACTIVITY_DATE BETWEEN '2019-6-28' AND '2019-07-27'"
12,Y,Y,"SELECT ACTIVITY_DATE AS DAY, COUNT(DISTINCT USER_ID) AS ACTIVE_USERS FROM ACTIVITY GROUP BY ACTIVITY_DATE HAVING ACTIVITY_DATE BETWEEN DATE_SUB('2019-07-27', INTERVAL 29 DAY) AND '2019-07-27'"
13,Y,Y,"SELECT ACTIVITY_DATE AS DAY, COUNT(DISTINCT USER_ID) AS ACTIVE_USERS FROM ACTIVITY WHERE DATEDIFF('2019-07-27', ACTIVITY_DATE) < 30 AND DATEDIFF('2019-07-27', ACTIVITY_DATE) >= 0 GROUP BY ACTIVITY_DATE"
14,Y,N,"SELECT ACTIVITY_DATE AS DAY, COUNT(DISTINCT USER_ID) AS ACTIVE_USERS FROM ACTIVITY WHERE DATEDIFF('2019-07-27', ACTIVITY_DATE) < 30 GROUP BY ACTIVITY_DATE HAVING COUNT(ACTIVITY_TYPE) >= 1"
15,Y,N,"SELECT ACTIVITY_DATE AS DAY, COUNT(DISTINCT USER_ID) AS ACTIVE_USERS FROM ACTIVITY WHERE DATEDIFF('2019-07-27', ACTIVITY_DATE) < 30 GROUP BY DAY"
16,Y,N,"SELECT ACTIVITY_DATE AS DAY, COUNT(DISTINCT USER_ID) AS ACTIVE_USERS FROM ACTIVITY WHERE DATEDIFF('2019-07-27', ACTIVITY_DATE)<=29 GROUP BY ACTIVITY_DATE HAVING COUNT(ACTIVITY_TYPE)>=1 ORDER BY DAY"
17,Y,Y,"SELECT ACTIVITY_DATE AS DAY, COUNT(DISTINCT USER_ID) AS ACTIVE_USERS FROM ACTIVITY WHERE DATEDIFF('2019-07-27', ACTIVITY_DATE)>=0 AND DATEDIFF(ACTIVITY_DATE, DATE_SUB('2019-07-27', INTERVAL 30 DAY))>0 GROUP BY ACTIVITY_DATE"
18,Y,N,"SELECT ACTIVITY_DATE AS DAY, COUNT(DISTINCT USER_ID) AS ACTIVE_USERS FROM ACTIVITY WHERE DATEDIFF('2019-07-27',ACTIVITY_DATE)<30 GROUP BY ACTIVITY_DATE ORDER BY ACTIVITY_DATE ASC, COUNT(DISTINCT USER_ID)"
19,Y,N,"SELECT ACTIVITY_DATE AS DAY, COUNT(DISTINCT USER_ID) AS ACTIVE_USERS FROM ACTIVITY WHERE DATEDIFF('2019-07-28',ACTIVITY_DATE)<=30 GROUP BY ACTIVITY_DATE"
20,Y,Y,"SELECT ACTIVITY_DATE AS DAY, COUNT(DISTINCT USER_ID) AS ACTIVE_USERS FROM ACTIVITY WHERE ACTIVITY_DATE <= '2019-07-27' AND ACTIVITY_DATE > '2019-06-27' GROUP BY ACTIVITY_DATE"
21,Y,N,"SELECT ACTIVITY_DATE AS DAY, COUNT(DISTINCT USER_ID) AS ACTIVE_USERS FROM ACTIVITY WHERE ACTIVITY_DATE > DATE_ADD('2019-07-27', INTERVAL -30 DAY) GROUP BY 1"
22,Y,Y,"SELECT ACTIVITY_DATE AS DAY, COUNT(DISTINCT USER_ID) AS ACTIVE_USERS FROM ACTIVITY WHERE ACTIVITY_DATE BETWEEN '2019-06-28' AND '2019-07-27' GROUP BY ACTIVITY_DATE HAVING ACTIVE_USERS > 0"
23,Y,Y,"SELECT ACTIVITY_DATE AS DAY, COUNT(DISTINCT USER_ID) AS ACTIVE_USERS FROM ACTIVITY WHERE ACTIVITY_DATE BETWEEN '2019-06-28' AND '2019-07-27' GROUP BY ACTIVITY_DATE ORDER BY ACTIVITY_DATE"
24,Y,Y,"SELECT ACTIVITY_DATE AS DAY, COUNT(DISTINCT USER_ID) AS ACTIVE_USERS FROM ACTIVITY WHERE ACTIVITY_DATE BETWEEN '2019-06-28' AND '2019-07-27' GROUP BY DAY HAVING COUNT(DISTINCT USER_ID) > 0"
25,Y,Y,"SELECT ACTIVITY_DATE AS DAY, COUNT(DISTINCT USER_ID) AS ACTIVE_USERS FROM ACTIVITY WHERE ACTIVITY_DATE BETWEEN '2019-06-28' AND '2019-07-27' GROUP BY DAY ORDER BY DAY"
26,Y,Y,"SELECT ACTIVITY_DATE AS DAY, COUNT(DISTINCT USER_ID) AS ACTIVE_USERS FROM ACTIVITY WHERE ACTIVITY_DATE BETWEEN '2019-07-27' - INTERVAL 29 DAY AND '2019-07-27' GROUP BY ACTIVITY_DATE"
27,Y,Y,"SELECT ACTIVITY_DATE AS DAY, COUNT(DISTINCT USER_ID) AS ACTIVE_USERS FROM ACTIVITY WHERE ACTIVITY_DATE BETWEEN '2019-07-28' - INTERVAL 30 DAY AND '2019-07-27' GROUP BY ACTIVITY_DATE"
28,Y,Y,"SELECT ACTIVITY_DATE AS DAY, COUNT(DISTINCT USER_ID) AS ACTIVE_USERS FROM ACTIVITY WHERE ACTIVITY_DATE BETWEEN DATE_ADD('2019-07-27', INTERVAL -29 DAY) AND '2019-07-27' GROUP BY 1"
29,Y,Y,"SELECT ACTIVITY_DATE AS DAY, COUNT(DISTINCT USER_ID) AS ACTIVE_USERS FROM ACTIVITY WHERE ACTIVITY_DATE BETWEEN DATE_ADD('2019-07-27', INTERVAL -29 DAY) AND '2019-07-27' GROUP BY ACTIVITY_DATE"
30,Y,Y,"SELECT ACTIVITY_DATE AS DAY, COUNT(DISTINCT USER_ID) AS ACTIVE_USERS FROM ACTIVITY WHERE ACTIVITY_DATE BETWEEN DATE_ADD('2019-07-27', INTERVAL -29 DAY) AND '2019-07-27' GROUP BY DAY"
31,Y,Y,"SELECT ACTIVITY_DATE AS DAY, COUNT(DISTINCT USER_ID) AS ACTIVE_USERS FROM ACTIVITY WHERE ACTIVITY_DATE BETWEEN DATE_SUB('2019-07-27', INTERVAL 29 DAY) AND '2019-07-27' GROUP BY ACTIVITY_DATE"
32,Y,Y,"SELECT ACTIVITY_DATE AS DAY, COUNT(DISTINCT USER_ID) AS ACTIVE_USERS FROM ACTIVITY WHERE ACTIVITY_DATE BETWEEN DATE_SUB('2019-07-27', INTERVAL 29 DAY) AND '2019-07-27' GROUP BY ACTIVITY_DATE HAVING COUNT(ACTIVITY_TYPE)>=1"
33,Y,Y,"SELECT ACTIVITY_DATE AS DAY, COUNT(DISTINCT USER_ID) AS ACTIVE_USERS FROM ACTIVITY WHERE ACTIVITY_DATE BETWEEN DATE_SUB(DATE('2019-07-27'), INTERVAL 29 DAY) AND DATE('2019-07-27') GROUP BY ACTIVITY_DATE"
34,Y,N,"SELECT ACTIVITY_DATE AS DAY, COUNT(DISTINCT USER_ID) AS ACTIVE_USERS FROM ACTIVITY WHERE ACTIVITY_DATE<'2019-07-27' AND ACTIVITY_DATE>'2019-06-27' GROUP BY ACTIVITY_DATE HAVING COUNT(SESSION_ID)>=1"
35,Y,Y,"SELECT ACTIVITY_DATE AS DAY, COUNT(DISTINCT USER_ID) AS ACTIVE_USERS FROM ACTIVITY A WHERE ACTIVITY_DATE BETWEEN '2019-06-28' AND '2019-07-27' GROUP BY 1"
36,Y,Y,"SELECT ACTIVITY_DATE AS DAY, COUNT(DISTINCT USER_ID) AS ACTIVE_USERS FROM ACTIVITY WHERE ACTIVITY_DATE BETWEEN DATE_SUB('2019-07-27', INTERVAL 29 DAY) AND '2019-07-27' GROUP BY 1"
37,Y,Y,"SELECT ACTIVITY_DATE AS DAY, COUNT(DISTINCT USER_ID) AS ACTIVE_USERS FROM ACTIVITY WHERE ACTIVITY_DATE BETWEEN SUBDATE('2019-07-27', 29) AND '2019-07-27' GROUP BY 1"
38,Y,Y,"SELECT ACTIVITY_DATE AS DAY, COUNT(DISTINCT USER_ID) AS ACTIVE_USERS FROM (SELECT DISTINCT * FROM ACTIVITY) A WHERE ACTIVITY_DATE <= '2019-07-27' AND ACTIVITY_DATE >= SUBDATE('2019-07-27', INTERVAL 29 DAY) GROUP BY 1 HAVING COUNT(DISTINCT USER_ID) >= 1"
39,Y,Y,"SELECT ACTIVITY_DATE AS DAY, COUNT(DISTINCT USER_ID) AS ACTIVE_USERS FROM ACTIVITY WHERE (DATEDIFF('2019-07-27', ACTIVITY_DATE) <=29) AND (DATEDIFF('2019-07-27', ACTIVITY_DATE) >=0) GROUP BY ACTIVITY_DATE"
40,Y,Y,"SELECT ACTIVITY_DATE AS DAY, COUNT(DISTINCT(USER_ID )) AS ACTIVE_USERS FROM ACTIVITY WHERE ACTIVITY_DATE >= '2019-06-28' AND ACTIVITY_DATE <= '2019-07-27' GROUP BY 1"
41,Y,N,"SELECT ACTIVITY_DATE AS DAY, COUNT(DISTINCT(USER_ID)) AS ACTIVE_USERS FROM ACTIVITY WHERE DATEDIFF('2019-07-27', ACTIVITY_DATE) < 30 GROUP BY ACTIVITY_DATE"
42,Y,Y,"SELECT ACTIVITY_DATE AS DAY, COUNT(DISTINCT(USER_ID)) AS ACTIVE_USERS FROM ACTIVITY WHERE ACTIVITY_DATE <='2019-07-27' AND ACTIVITY_DATE>'2019-06-27' GROUP BY ACTIVITY_DATE HAVING ACTIVE_USERS>0"
43,Y,Y,"SELECT ACTIVITY_DATE AS DAY, COUNT(DISTINCT(USER_ID)) AS ACTIVE_USERS FROM ACTIVITY WHERE ACTIVITY_DATE BETWEEN '2019-07-27' - INTERVAL 29 DAY AND '2019-07-27' GROUP BY ACTIVITY_DATE"
44,Y,Y,"SELECT ACTIVITY_DATE AS DAY, COUNT(USER_ID) AS ACTIVE_USERS FROM (SELECT USER_ID,ACTIVITY_DATE FROM ACTIVITY WHERE ACTIVITY_DATE BETWEEN '2019-06-28' AND '2019-07-27' GROUP BY 1,2 HAVING COUNT(ACTIVITY_TYPE)>=1) T GROUP BY 1"
45,Y,N,"SELECT ACTIVITY_DATE AS DAY,COUNT(DISTINCT USER_ID) AS ACTIVE_USERS FROM ACTIVITY WHERE DATEDIFF('2019-07-27', ACTIVITY_DATE) <=29 GROUP BY ACTIVITY_DATE"
46,Y,Y,"SELECT ACTIVITY_DATE AS DAY ,COUNT(DISTINCT(USER_ID)) AS ACTIVE_USERS FROM ACTIVITY WHERE ACTIVITY_DATE BETWEEN '2019-06-28' AND '2019-07-27' GROUP BY ACTIVITY_DATE"
47,Y,Y,"SELECT ACTIVITY_DATE AS DAY, COUNT(DISTINCT USER_ID) AS ACTIVE_USERS FROM ACTIVITY WHERE ACTIVITY_DATE <= '2019-07-27' AND ACTIVITY_DATE >= '2019-06-28' GROUP BY ACTIVITY_DATE"
48,Y,N,"SELECT ACTIVITY_DATE AS DAY, COUNT(DISTINCT USER_ID) AS ACTIVE_USERS FROM ACTIVITY GROUP BY ACTIVITY_DATE HAVING DATEDIFF('2019-07-27', ACTIVITY_DATE) < 30"
49,Y,Y,"SELECT ACTIVITY_DATE AS DAY, COUNT(DISTINCT USER_ID) AS ACTIVE_USERS FROM ACTIVITY WHERE ACTIVITY_DATE <= '2019-07-27' AND ACTIVITY_DATE>DATE_SUB('2019-07-27', INTERVAL 30 DAY) GROUP BY 1 ORDER BY 1 ASC"
50,Y,N,"SELECT ACTIVITY_DATE AS DAY, COUNT(DISTINCT USER_ID) AS ACTIVE_USERS FROM ACTIVITY A WHERE ACTIVITY_DATE > DATE_ADD('2019-07-27', INTERVAL -30 DAY) AND ACTIVITY_TYPE IS NOT NULL GROUP BY 1 ORDER BY ACTIVITY_DATE"
51,Y,N,"SELECT ACTIVITY_DATE AS DAY, COUNT(DISTINCT USER_ID) AS ACTIVE_USERS FROM ACTIVITY WHERE DATEDIFF('2019-07-27', ACTIVITY_DATE) <30 GROUP BY 1"
52,Y,Y,"SELECT ACTIVITY_DATE AS DAY, COUNT(DISTINCT(USER_ID)) AS ACTIVE_USERS FROM ACTIVITY WHERE ACTIVITY_DATE BETWEEN '2019-06-28' AND '2019-07-27' GROUP BY ACTIVITY_DATE HAVING COUNT(SESSION_ID) >=1"
53,Y,Y,"SELECT ACTIVITY_DATE AS DAY, COUNT(DISTINCT(USER_ID)) AS ACTIVE_USERS FROM ACTIVITY WHERE ACTIVITY_DATE BETWEEN DATE_SUB('2019-07-27', INTERVAL 29 DAY) AND '2019-07-27' GROUP BY ACTIVITY_DATE"
54,Y,Y,"SELECT ACTIVITY_DATE AS DAY, COUNT(DISTINCT USER_ID) AS ACTIVE_USERS FROM ACTIVITY WHERE ACTIVITY_DATE > DATE_SUB('2019-07-27', INTERVAL 30 DAY) AND ACTIVITY_DATE <='2019-07-27' GROUP BY ACTIVITY_DATE HAVING COUNT(DISTINCT USER_ID) > 0"
55,Y,Y,"SELECT ACTIVITY_DATE AS DAY, COUNT(DISTINCT USER_ID) AS ACTIVE_USERS FROM ACTIVITY WHERE ACTIVITY_DATE BETWEEN DATE_SUB('2019-07-28', INTERVAL 30 DAY) AND '2019-07-27' GROUP BY ACTIVITY_DATE"
56,Y,N,"SELECT ACTIVITY_DATE AS DAY, COUNT(DISTINCT USER_ID) AS ACTIVE_USERS FROM ACTIVITY WHERE DATEDIFF('2019-07-27', ACTIVITY_DATE)< 30 GROUP BY ACTIVITY_DATE HAVING COUNT(SESSION_ID)>=1"
57,Y,Y,"SELECT ACTIVITY_DATE AS DAY, COUNT(DISTINCT(USER_ID)) AS ACTIVE_USERS FROM ACTIVITY WHERE ACTIVITY_DATE BETWEEN DATE_ADD('2019-07-27', INTERVAL -29 DAY) AND '2019-07-27' GROUP BY ACTIVITY_DATE"
58,Y,N,"SELECT ACTIVITY_DATE AS DAY,COUNT(DISTINCT USER_ID) AS ACTIVE_USERS FROM ACTIVITY WHERE ACTIVITY_DATE BETWEEN DATE_SUB('2019-07-27', INTERVAL 29 DAY) AND '2019-07-27'AND SESSION_ID!=0 GROUP BY 1"
59,Y,N,"SELECT ACTIVITY_DATE DAY, COUNT(DISTINCT USER_ID) ACTIVE_USERS FROM ACTIVITY WHERE DATEDIFF('2019-07-27', ACTIVITY_DATE) < 30 GROUP BY ACTIVITY_DATE"
60,Y,N,"SELECT ACTIVITY_DATE DAY, COUNT(DISTINCT(CASE WHEN ACTIVITY_TYPE != 'open_session' OR ACTIVITY_TYPE != 'end_session' OR ACTIVITY_TYPE != 'scroll_down' OR ACTIVITY_TYPE != 'send_message' THEN USER_ID ELSE 0 END)) ACTIVE_USERS FROM ACTIVITY WHERE ACTIVITY_DATE>DATE_SUB('2019-07-27', INTERVAL 30 DAY) GROUP BY ACTIVITY_DATE"
61,Y,Y,"SELECT ACTIVITY_DATE DAY, COUNT(DISTINCT USER_ID) ACTIVE_USERS FROM ACTIVITY WHERE ACTIVITY_DATE BETWEEN DATE_SUB('2019-07-27',INTERVAL 29 DAY) AND '2019-07-27' GROUP BY 1"
62,Y,Y,"SELECT T1.ACTIVITY_DATE AS DAY, COUNT(DISTINCT USER_ID) AS ACTIVE_USERS FROM (SELECT ACTIVITY_DATE , USER_ID FROM ACTIVITY WHERE ACTIVITY_TYPE IS NOT NULL AND ACTIVITY_DATE BETWEEN DATE_SUB('2019-07-28',INTERVAL 30 DAY) AND '2019-07-28') T1 GROUP BY 1"
63,Y,N,"SELECT ACTIVITY_DATE AS DAY, COUNT(DISTINCT USER_ID) AS ACTIVE_USERS FROM ACTIVITY WHERE DATEDIFF(ACTIVITY_DATE, '2019-07-27') > -30 GROUP BY ACTIVITY_DATE"
64,Y,N,"SELECT ACTIVITY_DATE AS DAY, COUNT(DISTINCT USER_ID) AS ACTIVE_USERS FROM ACTIVITY WHERE DATEDIFF('2019-07-27',ACTIVITY_DATE)<30 GROUP BY ACTIVITY_DATE HAVING COUNT(DISTINCT USER_ID)>0"
65,Y,Y,"SELECT ACTIVITY_DATE AS DAY,IFNULL(COUNT(DISTINCT USER_ID),0) AS ACTIVE_USERS FROM ACTIVITY WHERE ACTIVITY_DATE BETWEEN SUBDATE('2019-07-27',INTERVAL 29 DAY) AND '2019-07-27' GROUP BY ACTIVITY_DATE"
66,Y,Y,"SELECT ACTIVITY_DATE DAY, COUNT(DISTINCT USER_ID) ACTIVE_USERS FROM ACTIVITY WHERE ACTIVITY_DATE BETWEEN '2019-06-28' AND '2019-07-27' GROUP BY ACTIVITY_DATE"
67,Y,N,"SELECT DAY, SUM(ACTIVE_USERS) AS ACTIVE_USERS FROM ( SELECT ACTIVITY_DATE AS DAY, USER_ID, COUNT(DISTINCT USER_ID) AS ACTIVE_USERS FROM ACTIVITY WHERE ACTIVITY_DATE>='2019-06-28' GROUP BY ACTIVITY_DATE,USER_ID ) T GROUP BY DAY"
68,Y,Y,"SELECT A.ACTIVITY_DATE DAY, COUNT(DISTINCT USER_ID) AS ACTIVE_USERS FROM ACTIVITY A WHERE A.ACTIVITY_DATE BETWEEN DATE_SUB('2019-07-27', INTERVAL 29 DAY) AND '2019-07-27' GROUP BY A.ACTIVITY_DATE"
69,Y,Y,"SELECT ACTIVITY_DATE AS DAY, COUNT(DISTINCT A.USER_ID) AS ACTIVE_USERS FROM ACTIVITY A WHERE A.ACTIVITY_DATE BETWEEN DATE_ADD('2019-07-27', INTERVAL -29 DAY) AND '2019-07-27' GROUP BY ACTIVITY_DATE"
70,Y,Y,"SELECT ACTIVITY_DATE AS DAY, COUNT(DISTINCT USER_ID) AS ACTIVE_USERS FROM ACTIVITY GROUP BY ACTIVITY_DATE HAVING ACTIVITY_DATE BETWEEN DATE_SUB(DATE('2019-07-27'),INTERVAL 29 DAY) AND DATE('2019-07-27')"
71,Y,N,"SELECT ACTIVITY_DATE AS DAY , COUNT(DISTINCT(USER_ID)) AS ACTIVE_USERS FROM ACTIVITY WHERE ACTIVITY_DATE > DATE_SUB('2019-07-27', INTERVAL 30 DAY) GROUP BY ACTIVITY_DATE"
72,Y,N,"SELECT ACTIVITY_DATE AS DAY , COUNT(USER_ID) AS ACTIVE_USERS FROM ( SELECT DISTINCT USER_ID, ACTIVITY_DATE FROM ACTIVITY WHERE DATEDIFF('2019-07-27',ACTIVITY_DATE) < 30) AS A GROUP BY ACTIVITY_DATE ORDER BY DAY"
73,Y,Y,"SELECT ACTIVITY_DATE AS DAY , COUNT( DISTINCT USER_ID) AS ACTIVE_USERS FROM ACTIVITY GROUP BY ACTIVITY_DATE HAVING ACTIVITY_DATE BETWEEN '2019-06-28' AND '2019-07-27'"
74,Y,Y,"SELECT ACTIVITY_DATE AS DAY , COUNT(DISTINCT USER_ID) AS ACTIVE_USERS FROM ACTIVITY WHERE ACTIVITY_DATE BETWEEN DATE_SUB('2019-07-27', INTERVAL 29 DAY) AND '2019-07-27' GROUP BY DAY HAVING ACTIVE_USERS <> 0"
75,Y,Y,"SELECT ACTIVITY_DATE AS DAY , COUNT(DISTINCT USER_ID) AS ACTIVE_USERS FROM ACTIVITY WHERE ACTIVITY_DATE BETWEEN DATE_SUB('2019-07-27',INTERVAL 29 DAY) AND '2019-07-27' GROUP BY 1 HAVING ACTIVE_USERS <> 0"
76,Y,Y,"SELECT ACTIVITY_DATE AS DAY , COUNT(DISTINCT USER_ID)AS ACTIVE_USERS FROM ACTIVITY WHERE ACTIVITY_DATE BETWEEN DATE_SUB('2019-07-27', INTERVAL 30 DAY)+1 AND '2019-07-27' GROUP BY 1"
77,Y,N,"SELECT ACTIVITY_DATE AS DAY ,COUNT( DISTINCT USER_ID) AS ACTIVE_USERS FROM ACTIVITY GROUP BY ACTIVITY_DATE HAVING ACTIVITY_DATE >'2019-06-27'"
78,Y,Y,"SELECT ACTIVITY_DATE AS DAY ,COUNT(DISTINCT USER_ID) AS ACTIVE_USERS FROM ACTIVITY GROUP BY ACTIVITY_DATE HAVING ACTIVITY_DATE BETWEEN SUBDATE('2019-07-27' ,INTERVAL 29 DAY) AND '2019-07-27'"
79,Y,N,"SELECT ACTIVITY_DATE AS DAY, COUNT(DISTINCT USER_ID )AS ACTIVE_USERS FROM ACTIVITY WHERE DATE(ACTIVITY_DATE) > DATE_SUB('2019-07-27',INTERVAL 30 DAY) GROUP BY ACTIVITY_DATE"
80,Y,N,"SELECT ACTIVITY_DATE AS DAY, COUNT(DISTINCT USER_ID) ACTIVE_USERS FROM ACTIVITY WHERE DATEDIFF('2019-07-27', ACTIVITY_DATE) < 30 GROUP BY 1 HAVING COUNT(DISTINCT USER_ID) >=1 ORDER BY 1"
81,Y,N,"SELECT ACTIVITY_DATE AS DAY, COUNT(DISTINCT USER_ID) AS ACTIVE_USERS FROM ACTIVITY GROUP BY 1 HAVING DATEDIFF( '2019-07-27', ACTIVITY_DATE)<=29"
82,Y,Y,"SELECT ACTIVITY_DATE AS DAY, COUNT(DISTINCT USER_ID) AS ACTIVE_USERS FROM ACTIVITY GROUP BY ACTIVITY_DATE HAVING ACTIVITY_DATE BETWEEN CAST('2019-06-28' AS DATE ) AND CAST('2019-07-27' AS DATE)"
83,Y,Y,"SELECT ACTIVITY_DATE AS DAY, COUNT(DISTINCT USER_ID) AS ACTIVE_USERS FROM ACTIVITY GROUP BY ACTIVITY_DATE HAVING ACTIVITY_DATE > '2019-06-27' AND ACTIVITY_DATE <= '2019-07-27'"
84,Y,Y,"SELECT ACTIVITY_DATE AS DAY, COUNT(DISTINCT USER_ID) AS ACTIVE_USERS FROM ACTIVITY GROUP BY ACTIVITY_DATE HAVING ACTIVITY_DATE BETWEEN '2019-06-28' AND '2019-07-27' AND COUNT(ACTIVITY_TYPE)>=1"
85,Y,Y,"SELECT ACTIVITY_DATE AS DAY, COUNT(DISTINCT USER_ID) AS ACTIVE_USERS FROM ACTIVITY GROUP BY ACTIVITY_DATE HAVING DATE(ACTIVITY_DATE) BETWEEN DATE('2019-06-28') AND DATE('2019-07-27')"
86,Y,Y,"SELECT ACTIVITY_DATE AS DAY, COUNT(DISTINCT USER_ID) AS ACTIVE_USERS FROM ACTIVITY GROUP BY ACTIVITY_DATE HAVING DATEDIFF('2019-07-27', ACTIVITY_DATE) BETWEEN 0 AND 29"
87,Y,Y,"SELECT ACTIVITY_DATE AS DAY, COUNT(DISTINCT USER_ID) AS ACTIVE_USERS FROM ACTIVITY GROUP BY DAY HAVING DAY BETWEEN DATE_SUB('2019-07-27',INTERVAL 29 DAY) AND '2019-07-27'"
88,Y,Y,"SELECT ACTIVITY_DATE AS DAY, COUNT(DISTINCT USER_ID) AS ACTIVE_USERS FROM ACTIVITY WHERE ACTIVITY_DATE <= '2019-07-27' AND ACTIVITY_DATE >=' 2019-06-28' GROUP BY DAY"
89,Y,Y,"SELECT ACTIVITY_DATE AS DAY, COUNT(DISTINCT USER_ID) AS ACTIVE_USERS FROM ACTIVITY WHERE ACTIVITY_DATE >= DATE_SUB('2019-07-27',INTERVAL 29 DAY) AND ACTIVITY_DATE <= '2019-07-27' GROUP BY 1 ORDER BY 1"
90,Y,Y,"SELECT ACTIVITY_DATE AS DAY, COUNT(DISTINCT USER_ID) AS ACTIVE_USERS FROM ACTIVITY WHERE ACTIVITY_DATE BETWEEN '2019-06-28' AND '2019-07-27' AND ACTIVITY_TYPE IN ('open_session', 'end_session', 'scroll_down', 'send_message') GROUP BY ACTIVITY_DATE"
91,Y,Y,"SELECT ACTIVITY_DATE AS DAY, COUNT(DISTINCT USER_ID) AS ACTIVE_USERS FROM ACTIVITY WHERE ACTIVITY_DATE BETWEEN '2019-06-28' AND '2019-07-27' AND ACTIVITY_TYPE IS NOT NULL GROUP BY ACTIVITY_DATE"
92,Y,Y,"SELECT ACTIVITY_DATE AS DAY, COUNT(DISTINCT USER_ID) AS ACTIVE_USERS FROM ACTIVITY WHERE ACTIVITY_DATE BETWEEN '2019-06-28' AND '2019-07-27' GROUP BY ACTIVITY_DATE HAVING COUNT(ACTIVITY_TYPE)>=1"
93,Y,Y,"SELECT ACTIVITY_DATE AS DAY, COUNT(DISTINCT USER_ID) AS ACTIVE_USERS FROM ACTIVITY WHERE ACTIVITY_DATE BETWEEN '2019-06-28' AND '2019-07-27' GROUP BY ACTIVITY_DATE HAVING COUNT(DISTINCT USER_ID) >= 1"
94,Y,Y,"SELECT ACTIVITY_DATE AS DAY, COUNT(DISTINCT USER_ID) AS ACTIVE_USERS FROM ACTIVITY WHERE ACTIVITY_DATE BETWEEN '2019-06-28' AND '2019-07-27' GROUP BY ACTIVITY_DATE HAVING COUNT(DISTINCT USER_ID, ACTIVITY_TYPE) >= 1"
95,Y,Y,"SELECT ACTIVITY_DATE AS DAY, COUNT(DISTINCT USER_ID) AS ACTIVE_USERS FROM ACTIVITY WHERE ACTIVITY_DATE BETWEEN ADDDATE('2019-07-27', INTERVAL -29 DAY) AND '2019-07-27' GROUP BY ACTIVITY_DATE ORDER BY ACTIVITY_DATE"
96,Y,Y,"SELECT ACTIVITY_DATE AS DAY, COUNT(DISTINCT USER_ID) AS ACTIVE_USERS FROM ACTIVITY WHERE ACTIVITY_DATE BETWEEN DATE('2019-07-27' -INTERVAL 29 DAY) AND '2019-07-27' GROUP BY 1"
97,Y,Y,"SELECT ACTIVITY_DATE AS DAY, COUNT(DISTINCT USER_ID) AS ACTIVE_USERS FROM ACTIVITY WHERE ACTIVITY_DATE BETWEEN DATE_SUB('2019-07-27', INTERVAL 29 DAY) AND '2019-07-27' GROUP BY ACTIVITY_DATE HAVING ACTIVE_USERS <>0"
98,Y,Y,"SELECT ACTIVITY_DATE AS DAY, COUNT(DISTINCT USER_ID) AS ACTIVE_USERS FROM ACTIVITY WHERE ACTIVITY_DATE BETWEEN SUBDATE('2019-07-27', INTERVAL 29 DAY ) AND '2019-07-27' GROUP BY ACTIVITY_DATE"
99,Y,Y,"SELECT ACTIVITY_DATE AS DAY, COUNT(DISTINCT USER_ID) AS ACTIVE_USERS FROM ACTIVITY WHERE ACTIVITY_DATE<=DATE('2019-07-27') AND ACTIVITY_DATE>DATE('2019-06-27') GROUP BY ACTIVITY_DATE"
100,Y,N,"SELECT ACTIVITY_DATE AS DAY, COUNT(DISTINCT USER_ID) AS ACTIVE_USERS FROM ACTIVITY WHERE DATEDIFF('2019-07-27', ACTIVITY_DATE) < 30 GROUP BY ACTIVITY_DATE HAVING COUNT(DISTINCT USER_ID, ACTIVITY_TYPE) >= 1"
101,Y,Y,"SELECT ACTIVITY_DATE AS DAY, COUNT(DISTINCT USER_ID) AS ACTIVE_USERS FROM ACTIVITY WHERE DATEDIFF('2019-07-27', ACTIVITY_DATE) <30 AND ACTIVITY_DATE <= '2019-07-27' GROUP BY ACTIVITY_DATE"
102,Y,N,"SELECT ACTIVITY_DATE AS DAY, COUNT(DISTINCT USER_ID) AS ACTIVE_USERS FROM ACTIVITY WHERE DATEDIFF('2019-07-27',ACTIVITY_DATE) < 30 GROUP BY DAY HAVING ACTIVE_USERS > 0"
103,Y,N,"SELECT ACTIVITY_DATE AS DAY, COUNT(DISTINCT USER_ID) AS ACTIVE_USERS FROM ACTIVITY WHERE DATEDIFF('2019-07-27',ACTIVITY_DATE) < 30 GROUP BY DAY ORDER BY DAY"
104,Y,N,"SELECT ACTIVITY_DATE AS DAY, COUNT(DISTINCT USER_ID) AS ACTIVE_USERS FROM ACTIVITY WHERE TIMESTAMPDIFF(DAY, ACTIVITY_DATE, '2019-07-27') <30 GROUP BY ACTIVITY_DATE"
105,Y,Y,"SELECT ACTIVITY_DATE AS DAY, COUNT(DISTINCT USER_ID) AS ACTIVE_USERS FROM ACTIVITY GROUP BY ACTIVITY_DATE HAVING ACTIVITY_DATE >= '2019-07-27' - INTERVAL 29 DAY AND ACTIVITY_DATE <= '2019-07-27'"
106,Y,Y,"SELECT ACTIVITY_DATE AS DAY, COUNT(DISTINCT USER_ID) AS ACTIVE_USERS FROM ACTIVITY WHERE '2019-06-27' < ACTIVITY_DATE AND ACTIVITY_DATE <= '2019-07-27' GROUP BY 1"
107,Y,Y,"SELECT ACTIVITY_DATE AS DAY, COUNT(DISTINCT USER_ID) AS ACTIVE_USERS FROM ACTIVITY WHERE ACTIVITY_DATE > '2019-06-27' AND ACTIVITY_DATE <= '2019-07-27' GROUP BY ACTIVITY_DATE"
108,Y,N,"SELECT ACTIVITY_DATE AS DAY, COUNT(DISTINCT USER_ID) AS ACTIVE_USERS FROM ACTIVITY WHERE ACTIVITY_DATE > '2019-06-27' GROUP BY ACTIVITY_DATE"
109,Y,N,"SELECT ACTIVITY_DATE AS DAY, COUNT(DISTINCT USER_ID) AS ACTIVE_USERS FROM ACTIVITY WHERE ACTIVITY_DATE > DATE_ADD('2019-07-27', INTERVAL -30 DAY) GROUP BY ACTIVITY_DATE"
110,Y,Y,"SELECT ACTIVITY_DATE AS DAY, COUNT(DISTINCT USER_ID) AS ACTIVE_USERS FROM ACTIVITY WHERE ACTIVITY_DATE BETWEEN '2019-06-28' AND '2019-07-27' GROUP BY 1"
111,Y,Y,"SELECT ACTIVITY_DATE AS DAY, COUNT(DISTINCT USER_ID) AS ACTIVE_USERS FROM ACTIVITY WHERE ACTIVITY_DATE BETWEEN DATE_SUB(CAST('2019-07-27' AS DATE), INTERVAL 29 DAY) AND CAST('2019-07-27' AS DATE) GROUP BY ACTIVITY_DATE"
112,Y,Y,"SELECT ACTIVITY_DATE AS DAY, COUNT(DISTINCT USER_ID) AS ACTIVE_USERS FROM ACTIVITY WHERE ACTIVITY_DATE BETWEEN DATE_ADD('2019-07-27', INTERVAL -29 DAY) AND '2019-07-27' GROUP BY ACTIVITY_DATE ORDER BY 1"
113,Y,Y,"SELECT ACTIVITY_DATE AS DAY, COUNT(DISTINCT USER_ID) AS ACTIVE_USERS FROM ACTIVITY WHERE ACTIVITY_DATE BETWEEN DATE_SUB('2019-07-27', INTERVAL 29 DAY) AND '2019-07-27' GROUP BY 1 HAVING ACTIVE_USERS != 0"
114,Y,Y,"SELECT ACTIVITY_DATE AS DAY, COUNT(DISTINCT USER_ID) AS ACTIVE_USERS FROM ACTIVITY WHERE ACTIVITY_DATE BETWEEN DATE_SUB('2019-07-27', INTERVAL 29 DAY) AND '2019-07-27' GROUP BY ACTIVITY_DATE HAVING ACTIVE_USERS > 0"
115,Y,Y,"SELECT ACTIVITY_DATE AS DAY, COUNT(DISTINCT USER_ID) AS ACTIVE_USERS FROM ACTIVITY WHERE ACTIVITY_DATE BETWEEN DATE_SUB('2019-07-27',INTERVAL 29 DAY) AND '2019-07-27' GROUP BY ACTIVITY_DATE HAVING SUM(ACTIVITY_TYPE) <>0"
116,Y,Y,"SELECT ACTIVITY_DATE AS DAY, COUNT(DISTINCT USER_ID) AS ACTIVE_USERS FROM ACTIVITY WHERE ACTIVITY_DATE>DATE_ADD('2019-07-27', INTERVAL -30 DAY) AND ACTIVITY_DATE<='2019-07-27' GROUP BY 1"
117,Y,N,"SELECT ACTIVITY_DATE AS DAY, COUNT(DISTINCT USER_ID) AS ACTIVE_USERS FROM ACTIVITY WHERE ACTIVITY_DATE>DATE_SUB('2019-07-27', INTERVAL 30 DAY) AND (ACTIVITY_TYPE='open_session' OR ACTIVITY_TYPE='end_session' OR ACTIVITY_TYPE='scroll_down' OR ACTIVITY_TYPE='send_message') GROUP BY 1"
118,Y,N,"SELECT ACTIVITY_DATE AS DAY, COUNT(DISTINCT USER_ID) AS ACTIVE_USERS FROM ACTIVITY WHERE ACTIVITY_DATE>DATE_SUB('2019-07-27', INTERVAL 30 DAY) GROUP BY 1"
119,Y,N,"SELECT ACTIVITY_DATE AS DAY, COUNT(DISTINCT USER_ID) AS ACTIVE_USERS FROM ACTIVITY WHERE DATEDIFF('2019-07-27', ACTIVITY_DATE) < 30 GROUP BY ACTIVITY_DATE HAVING COUNT(DISTINCT USER_ID) >= 1"
120,Y,Y,"SELECT ACTIVITY_DATE AS DAY, COUNT(DISTINCT(USER_ID)) AS ACTIVE_USERS FROM ACTIVITY GROUP BY ACTIVITY_DATE HAVING (ACTIVITY_DATE <= '2019-07-27' AND ACTIVITY_DATE > '2019-06-27')"
121,Y,N,"SELECT ACTIVITY_DATE AS DAY, COUNT(DISTINCT(USER_ID)) AS ACTIVE_USERS FROM ACTIVITY GROUP BY ACTIVITY_DATE HAVING DATEDIFF('2019-07-27',ACTIVITY_DATE) < 30"
122,Y,N,"SELECT ACTIVITY_DATE AS DAY, COUNT(DISTINCT(USER_ID)) AS ACTIVE_USERS FROM ACTIVITY GROUP BY ACTIVITY_DATE HAVING DATEDIFF('2019-07-27',ACTIVITY_DATE) <= 29"
123,Y,Y,"SELECT ACTIVITY_DATE AS DAY, COUNT(DISTINCT(USER_ID)) AS ACTIVE_USERS FROM ACTIVITY WHERE ACTIVITY_DATE BETWEEN DATE_SUB('2019-07-27', INTERVAL 30-1 DAY) AND '2019-07-27' GROUP BY ACTIVITY_DATE"
124,Y,N,"SELECT ACTIVITY_DATE AS DAY, IFNULL(COUNT(DISTINCT USER_ID),0) AS ACTIVE_USERS FROM ACTIVITY WHERE DATEDIFF('2019-07-27',ACTIVITY_DATE) <30 GROUP BY DAY HAVING ACTIVE_USERS > 0"
125,Y,Y,"SELECT ACTIVITY_DATE AS DAY,(COUNT(DISTINCT USER_ID)) AS ACTIVE_USERS FROM ACTIVITY WHERE ACTIVITY_DATE BETWEEN DATE_SUB('2019-07-27', INTERVAL 29 DAY) AND '2019-07-27' GROUP BY ACTIVITY_DATE"
126,Y,Y,"SELECT ACTIVITY_DATE AS DAY,COUNT(DISTINCT (USER_ID)) AS ACTIVE_USERS FROM ACTIVITY WHERE ACTIVITY_DATE BETWEEN '2019-06-28' AND '2019-07-27' GROUP BY DAY ORDER BY DAY ASC"
127,Y,N,"SELECT ACTIVITY_DATE AS DAY,COUNT(DISTINCT USER_ID) ACTIVE_USERS FROM ACTIVITY WHERE DATEDIFF('2019-07-27',ACTIVITY_DATE) <30 GROUP BY 1"
128,Y,N,"SELECT ACTIVITY_DATE AS DAY,COUNT(DISTINCT USER_ID) AS ACTIVE_USERS FROM ACTIVITY WHERE ACTIVITY_DATE>='2019-06-28' GROUP BY ACTIVITY_DATE"
129,Y,Y,"SELECT ACTIVITY_DATE AS DAY,COUNT(DISTINCT USER_ID) AS ACTIVE_USERS FROM ACTIVITY WHERE ACTIVITY_DATE BETWEEN '2019-06-28' AND '2019-07-27' AND ACTIVITY_TYPE IS NOT NULL GROUP BY ACTIVITY_DATE HAVING COUNT(DISTINCT USER_ID) > 0"
130,Y,Y,"SELECT ACTIVITY_DATE DAY , COUNT(DISTINCT USER_ID) ACTIVE_USERS FROM ACTIVITY WHERE ACTIVITY_DATE <= '2019-07-27' AND ACTIVITY_DATE > '2019-06-27' GROUP BY ACTIVITY_DATE"
131,Y,Y,"SELECT ACTIVITY_DATE DAY, COUNT(DISTINCT USER_ID) ACTIVE_USERS FROM ACTIVITY A GROUP BY ACTIVITY_DATE HAVING ACTIVITY_DATE BETWEEN DATE_SUB('2019-07-27', INTERVAL 29 DAY) AND '2019-07-27'"
132,Y,N,"SELECT ACTIVITY_DATE DAY, COUNT(DISTINCT USER_ID) ACTIVE_USERS FROM ACTIVITY GROUP BY 1 HAVING ACTIVITY_DATE > DATE_ADD('2019-07-27', INTERVAL -30 DAY)"
133,Y,N,"SELECT ACTIVITY_DATE DAY, COUNT(DISTINCT USER_ID) ACTIVE_USERS FROM ACTIVITY GROUP BY ACTIVITY_DATE HAVING DATEDIFF('2019-07-27', ACTIVITY_DATE) < 30"
134,Y,N,"SELECT ACTIVITY_DATE DAY, COUNT(DISTINCT USER_ID) ACTIVE_USERS FROM ACTIVITY WHERE ACTIVITY_DATE < '2019-07-27' AND ACTIVITY_DATE > '2019-06-27' GROUP BY ACTIVITY_DATE"
135,Y,N,"SELECT ACTIVITY_DATE DAY, COUNT(DISTINCT USER_ID) ACTIVE_USERS FROM ACTIVITY WHERE ACTIVITY_DATE > DATE_ADD('2019-07-27', INTERVAL -30 DAY) GROUP BY 1"
136,Y,Y,"SELECT ACTIVITY_DATE DAY, COUNT(DISTINCT USER_ID) ACTIVE_USERS FROM ACTIVITY WHERE ACTIVITY_DATE BETWEEN CAST('2019-06-28' AS DATE) AND CAST('2019-07-27' AS DATE) GROUP BY DAY"
137,Y,Y,"SELECT ACTIVITY_DATE DAY, COUNT(DISTINCT USER_ID) ACTIVE_USERS FROM ACTIVITY WHERE ACTIVITY_DATE <= '2019-07-27' AND ACTIVITY_DATE > ADDDATE('2019-07-27',-30) GROUP BY ACTIVITY_DATE"
138,Y,N,"SELECT ACTIVITY_DATE DAY, COUNT(DISTINCT USER_ID) ACTIVE_USERS FROM ACTIVITY WHERE ACTIVITY_DATE >= DATE_ADD('2019-07-28', INTERVAL -30 DAY) GROUP BY DAY HAVING ACTIVE_USERS>0"
139,Y,N,"SELECT DAY,SUM(ACTIVE_USERS) AS ACTIVE_USERS FROM ( SELECT ACTIVITY_DATE AS DAY,USER_ID,COUNT(DISTINCT USER_ID) AS ACTIVE_USERS FROM ACTIVITY WHERE ACTIVITY_DATE>='2019-06-28' GROUP BY ACTIVITY_DATE,USER_ID) AS OTR GROUP BY DAY"
140,Y,Y,"SELECT DISTINCT ACTIVITY_DATE DAY, COUNT(DISTINCT USER_ID) ACTIVE_USERS FROM ACTIVITY WHERE ACTIVITY_DATE <= '2019-07-27' AND ACTIVITY_DATE > DATE_SUB('2019-07-27', INTERVAL 30 DAY) GROUP BY ACTIVITY_DATE"
141,Y,N,"SELECT REFINED_ACTIVITY.DAY, COUNT(*) AS ACTIVE_USERS FROM ( SELECT ACTIVITY_DATE AS DAY , COUNT(*) FROM ACTIVITY GROUP BY ACTIVITY_DATE, USER_ID HAVING ACTIVITY_DATE >= '2019-06-28' ) AS REFINED_ACTIVITY GROUP BY REFINED_ACTIVITY.DAY"
142,Y,Y,"WITH COUNT_A AS ( SELECT ACTIVITY_DATE AS DAY, COUNT(DISTINCT USER_ID) AS ACTIVE_USERS FROM ACTIVITY WHERE ACTIVITY_DATE BETWEEN '2019-06-28' AND '2019-07-27' GROUP BY DAY) SELECT DAY, ACTIVE_USERS FROM COUNT_A ORDER BY DAY ASC"
143,Y,Y,"WITH CTE AS ( SELECT ACTIVITY_DATE, USER_ID, COUNT(SESSION_ID) AS ACTIVE FROM ACTIVITY GROUP BY ACTIVITY_DATE, USER_ID) SELECT ACTIVITY_DATE AS DAY, COUNT(USER_ID) AS ACTIVE_USERS FROM CTE WHERE ACTIVITY_DATE < '2019-07-28' AND ACTIVITY_DATE > '2019-06-27' GROUP BY ACTIVITY_DATE"
144,Y,Y,"WITH T AS ( SELECT ACTIVITY_DATE, USER_ID, COUNT(USER_ID) AS USER_NUM FROM ACTIVITY WHERE ACTIVITY_DATE BETWEEN DATE_SUB('2019-07-27', INTERVAL 29 DAY) AND '2019-07-27' GROUP BY ACTIVITY_DATE, USER_ID ) SELECT ACTIVITY_DATE AS DAY , COUNT(USER_ID) AS ACTIVE_USERS FROM T WHERE USER_NUM >= 1 GROUP BY ACTIVITY_DATE ORDER BY ACTIVITY_DATE"
145,Y,Y,"WITH TEMP AS (SELECT * , COUNT(ACTIVITY_TYPE) OVER(PARTITION BY ACTIVITY_DATE, USER_ID) AS SESSION_COUNT FROM ACTIVITY) SELECT DISTINCT(ACTIVITY_DATE) AS DAY , COUNT(DISTINCT USER_ID) AS ACTIVE_USERS FROM TEMP WHERE ACTIVITY_DATE > DATE_SUB('2019-07-27', INTERVAL 30 DAY) AND ACTIVITY_DATE <= DATE('2019-07-27') GROUP BY ACTIVITY_DATE"
146,Y,N,"SELECT ACTIVITY_DATE AS DAY, COUNT(DISTINCT(USER_ID)) ACTIVE_USERS FROM ACTIVITY WHERE DATEDIFF('2019-07-27', ACTIVITY_DATE) < 30 GROUP BY ACTIVITY_DATE"
147,Y,Y,"SELECT ACTIVITY_DATE AS DAY, COUNT(DISTINCT USER_ID) AS ACTIVE_USERS FROM ACTIVITY WHERE ACTIVITY_DATE BETWEEN DATE_SUB('2019-07-27', INTERVAL 29 DAY) AND DATE('2019-07-27') GROUP BY ACTIVITY_DATE"
148,Y,Y,"SELECT ACTIVITY_DATE DAY, COUNT(DISTINCT USER_ID) ACTIVE_USERS FROM ACTIVITY GROUP BY ACTIVITY_DATE HAVING ACTIVITY_DATE > DATE_SUB('2019-07-27', INTERVAL 30 DAY) AND ACTIVITY_DATE <='2019-07-27'"
149,Y,N,"SELECT ACTIVITY_DATE DAY, COUNT(DISTINCT USER_ID) ACTIVE_USERS FROM ACTIVITY WHERE DATEDIFF('2019-07-27', ACTIVITY_DATE) < 30 GROUP BY DAY"
150,Y,N,"SELECT ACTIVITY_DATE AS DAY, COUNT(DISTINCT USER_ID) AS ACTIVE_USERS FROM ACTIVITY GROUP BY ACTIVITY_DATE HAVING ACTIVITY_DATE > DATE_ADD('2019-07-27', INTERVAL -30 DAY)"
151,Y,N,"SELECT ACTIVITY_DATE AS DAY, COUNT(DISTINCT USER_ID) AS ACTIVE_USERS FROM ACTIVITY WHERE DATEDIFF('2019-07-27', ACTIVITY_DATE) < 30 AND DATEDIFF('2019-07-27', ACTIVITY_DATE) > 0 GROUP BY ACTIVITY_DATE"
152,Y,Y,"SELECT ACTIVITY_DATE AS DAY, COUNT(DISTINCT USER_ID) AS ACTIVE_USERS FROM ACTIVITY GROUP BY ACTIVITY_DATE HAVING ACTIVITY_DATE BETWEEN DATE_ADD('2019-07-27', INTERVAL -29 DAY) AND '2019-07-27'"
153,Y,N,"SELECT ACTIVITY_DATE AS DAY, COUNT(DISTINCT(USER_ID)) AS ACTIVE_USERS FROM ACTIVITY WHERE ACTIVITY_DATE<'2019-07-27' AND ACTIVITY_DATE>'2019-06-27' GROUP BY ACTIVITY_DATE"
154,Y,Y,"SELECT ACTIVITY_DATE AS DAY, COUNT(DISTINCT USER_ID) AS ACTIVE_USERS FROM ACTIVITY WHERE DATEDIFF('2019-07-27', ACTIVITY_DATE) < 30 AND ACTIVITY_DATE <= '2019-07-27' GROUP BY 1"
155,Y,N,"SELECT ACTIVITY_DATE AS DAY , COUNT(DISTINCT USER_ID) AS ACTIVE_USERS FROM ACTIVITY GROUP BY ACTIVITY_DATE HAVING ACTIVITY_DATE BETWEEN DATE_SUB('2019-07-27', INTERVAL 29 DAY) AND '2019-07-26'"
156,Y,N,"SELECT ACTIVITY_DATE DAY, COUNT(DISTINCT USER_ID) ACTIVE_USERS FROM ACTIVITY WHERE DATEDIFF('2019-07-27', ACTIVITY_DATE) <30 GROUP BY 1"
157,Y,Y,"SELECT ACTIVITY_DATE AS DAY, COUNT(DISTINCT USER_ID) AS ACTIVE_USERS FROM ACTIVITY WHERE ACTIVITY_DATE > '2019-06-27' AND ACTIVITY_DATE <= '2019-07-27' GROUP BY DAY ORDER BY DAY"
158,Y,Y,"SELECT DISTINCT ACTIVITY_DATE AS DAY, COUNT(DISTINCT USER_ID) AS ACTIVE_USERS FROM ACTIVITY WHERE ACTIVITY_DATE BETWEEN DATE_SUB('2019-07-27', INTERVAL 29 DAY) AND DATE('2019-07-27') GROUP BY ACTIVITY_DATE"
159,Y,Y,"SELECT ACTIVITY_DATE AS DAY, COUNT(DISTINCT(USER_ID)) AS ACTIVE_USERS FROM ACTIVITY A WHERE ACTIVITY_DATE BETWEEN '2019-06-28' AND '2019-07-27' GROUP BY ACTIVITY_DATE"
160,Y,Y,"SELECT ACTIVITY_DATE AS DAY,COUNT(DISTINCT(USER_ID)) AS ACTIVE_USERS FROM ACTIVITY GROUP BY ACTIVITY_DATE HAVING ACTIVITY_DATE BETWEEN CAST('2019-06-28' AS DATE) AND CAST('2019-07-27' AS DATE) AND ACTIVE_USERS > 0"
161,Y,Y,"SELECT ACTIVITY_DATE AS DAY,COUNT(DISTINCT USER_ID) AS ACTIVE_USERS FROM ACTIVITY WHERE (ACTIVITY_DATE BETWEEN DATE_ADD('2019-07-27',INTERVAL-29 DAY) AND '2019-07-27') AND ACTIVITY_TYPE IN ('open_session','scroll_down','end_session','send_message') GROUP BY ACTIVITY_DATE"
162,Y,N,"SELECT ACTIVITY_DATE AS DAY, COUNT(DISTINCT USER_ID) AS ACTIVE_USERS FROM ACTIVITY WHERE (DATEDIFF('2019-07-27',ACTIVITY_DATE)<30 AND DATEDIFF('2019-07-27',ACTIVITY_DATE)>0) GROUP BY ACTIVITY_DATE"
163,Y,N,"SELECT ACTIVITY_DATE AS DAY, COUNT(DISTINCT USER_ID) AS ACTIVE_USERS FROM ACTIVITY WHERE DATEDIFF('2019-07-27', ACTIVITY_DATE) < 30 AND DATEDIFF('2019-07-27', ACTIVITY_DATE) > 0 GROUP BY DAY"
164,Y,N,"SELECT DISTINCT ACTIVITY_DATE AS DAY , COUNT( DISTINCT USER_ID)AS ACTIVE_USERS FROM ACTIVITY WHERE ACTIVITY_DATE<'2019-07-27' AND ACTIVITY_DATE>'2019-06-27' GROUP BY ACTIVITY_DATE"
165,Y,Y,"SELECT DISTINCT ACTIVITY_DATE AS DAY, COUNT(DISTINCT USER_ID) AS ACTIVE_USERS FROM ACTIVITY WHERE TO_DAYS('2019-07-27') - TO_DAYS(ACTIVITY_DATE) BETWEEN 0 AND 29 GROUP BY ACTIVITY_DATE"
166,Y,Y,"SELECT ACTIVITY_DATE AS DAY, COUNT(DISTINCT USER_ID) AS ACTIVE_USERS FROM ACTIVITY WHERE DATEDIFF('2019-07-27',ACTIVITY_DATE) BETWEEN 0 AND 29 GROUP BY ACTIVITY_DATE"
167,Y,Y,"SELECT ACTIVITY_DATE AS DAY, COUNT(USER_ID) AS ACTIVE_USERS FROM (SELECT DISTINCT USER_ID, ACTIVITY_DATE FROM ACTIVITY WHERE ACTIVITY_DATE BETWEEN DATE_ADD('2019-07-27', INTERVAL -29 DAY) AND '2019-07-27') A GROUP BY ACTIVITY_DATE ORDER BY ACTIVITY_DATE"
168,Y,Y,"SELECT ACTIVITY_DATE AS DAY , COUNT(DISTINCT(USER_ID)) AS ACTIVE_USERS FROM ACTIVITY WHERE DATEDIFF( '2019-07-27',ACTIVITY_DATE)<30 AND ACTIVITY_DATE <= '2019-07-27' GROUP BY ACTIVITY_DATE"
169,Y,Y,"SELECT ACTIVITY_DATE AS DAY, COUNT(*) AS ACTIVE_USERS FROM ( SELECT ACTIVITY_DATE, USER_ID FROM ACTIVITY WHERE ACTIVITY_DATE <= '2019-07-27' AND ACTIVITY_DATE >= '2019-06-28' GROUP BY ACTIVITY_DATE, USER_ID ) A GROUP BY DAY"
170,Y,Y,"SELECT DISTINCT ACTIVITY_DATE DAY, COUNT(DISTINCT USER_ID) ACTIVE_USERS FROM ACTIVITY GROUP BY ACTIVITY_DATE HAVING COUNT(DISTINCT USER_ID) >= 1 AND ACTIVITY_DATE >= '2019-07-27' - INTERVAL 29 DAY AND ACTIVITY_DATE <= '2019-07-27'"
171,Y,Y,"SELECT (ACTIVITY_DATE) AS DAY, COUNT(DISTINCT USER_ID) AS ACTIVE_USERS FROM ACTIVITY WHERE DATEDIFF('2019-07-27', ACTIVITY_DATE) < 30 AND ACTIVITY_DATE <= '2019-07-27' GROUP BY ACTIVITY_DATE"
172,Y,Y,"SELECT DISTINCT ACTIVITY_DATE AS DAY, COUNT(DISTINCT USER_ID) AS ACTIVE_USERS FROM ACTIVITY WHERE DATEDIFF('2019-07-27', ACTIVITY_DATE) BETWEEN 0 AND 29 GROUP BY ACTIVITY_DATE"
173,Y,N,"SELECT DISTINCT ACTIVITY_DATE AS DAY , COUNT(DISTINCT USER_ID) AS ACTIVE_USERS FROM ACTIVITY WHERE ACTIVITY_DATE IN (SELECT DISTINCT ACTIVITY_DATE FROM ACTIVITY WHERE DATEDIFF('2019-07-27',ACTIVITY_DATE) < 30 AND DATEDIFF('2019-07-27',ACTIVITY_DATE) > 0) GROUP BY DAY"
174,Y,Y,"SELECT ACTIVITY_DATE AS DAY, COUNT(DISTINCT(USER_ID)) AS ACTIVE_USERS FROM ACTIVITY WHERE ACTIVITY_DATE > DATE_SUB('2019-07-27', INTERVAL 30 DAY) AND ACTIVITY_DATE <= '2019-07-27' GROUP BY ACTIVITY_DATE"
175,Y,N,"SELECT ACTIVITY_DATE AS DAY, COUNT(DISTINCT USER_ID) AS ACTIVE_USERS FROM ACTIVITY WHERE DATEDIFF('2019-07-27', ACTIVITY_DATE) < 30 AND ACTIVITY_DATE < '2019-07-27' GROUP BY DAY"
176,Y,Y,"SELECT ACTIVITY_DATE AS DAY, COUNT(DISTINCT USER_ID) AS ACTIVE_USERS FROM ACTIVITY WHERE ACTIVITY_DATE <= '2019-07-27' AND ACTIVITY_DATE > DATE_SUB('2019-07-27', INTERVAL 30 DAY) GROUP BY ACTIVITY_DATE"
177,Y,Y,"SELECT ACTIVITY_DATE AS DAY, COUNT(DISTINCT USER_ID) AS ACTIVE_USERS FROM ACTIVITY GROUP BY ACTIVITY_DATE HAVING ACTIVITY_DATE BETWEEN '2019-06-28' AND '2019-07-28'"
178,Y,Y,"SELECT ACTIVITY_DATE AS DAY , COUNT(DISTINCT USER_ID) ACTIVE_USERS FROM ACTIVITY WHERE ACTIVITY_DATE BETWEEN '2019-07-27' - INTERVAL 29 DAY AND '2019-07-27' GROUP BY 1"
179,Y,Y,"SELECT ACTIVITY_DATE AS DAY, COUNT(DISTINCT USER_ID) AS ACTIVE_USERS FROM ACTIVITY WHERE DATEDIFF( '2019-07-27', ACTIVITY_DATE) < 30 AND '2019-07-27' >= ACTIVITY_DATE GROUP BY ACTIVITY_DATE"
180,Y,Y,"SELECT ACTIVITY_DATE AS DAY,COUNT(DISTINCT(USER_ID)) AS ACTIVE_USERS FROM ACTIVITY WHERE ACTIVITY_DATE BETWEEN DATE_FORMAT('2019-07-27' - INTERVAL 29 DAY,'%Y-%M-%D') AND '2019-07-27' GROUP BY ACTIVITY_DATE"
181,Y,N,"SELECT ACTIVITY_DATE AS DAY, COUNT(DISTINCT(USER_ID)) AS ACTIVE_USERS FROM ACTIVITY WHERE DATEDIFF('2019-07-27', ACTIVITY_DATE) BETWEEN 1 AND 29 GROUP BY ACTIVITY_DATE"
182,Y,Y,"SELECT ACTIVITY_DATE AS DAY, COUNT(DISTINCT USER_ID) AS ACTIVE_USERS FROM ACTIVITY WHERE TO_DAYS('2019-07-27') - TO_DAYS(ACTIVITY_DATE) BETWEEN 0 AND 29 GROUP BY ACTIVITY_DATE HAVING ACTIVE_USERS > 0"
183,Y,Y,"SELECT ACTIVITY_DATE AS DAY, COUNT(DISTINCT USER_ID) AS ACTIVE_USERS FROM ACTIVITY WHERE (ACTIVITY_DATE > '2019-06-27' AND ACTIVITY_DATE <= '2019-07-27') GROUP BY ACTIVITY_DATE"
184,Y,Y,"SELECT * FROM ( SELECT ACTIVITY_DATE AS DAY, COUNT(DISTINCT(USER_ID)) AS ACTIVE_USERS FROM ACTIVITY WHERE DATE(ACTIVITY_DATE) <= '2019-07-27' AND DATE(ACTIVITY_DATE) > DATE_SUB('2019-07-27', INTERVAL 30 DAY) GROUP BY DAY ) AS TOP WHERE ACTIVE_USERS > 0"
185,Y,Y,"SELECT ACTIVITY_DATE AS DAY,COUNT(DISTINCT USER_ID) AS ACTIVE_USERS FROM ACTIVITY GROUP BY DAY HAVING DAY>'2019-06-27' AND DAY<='2019-07-27'"
186,Y,Y,"SELECT ACTIVITY_DATE AS DAY, COUNT(DISTINCT USER_ID) AS ACTIVE_USERS FROM ACTIVITY WHERE ACTIVITY_DATE > '2019-06-27' AND ACTIVITY_DATE <= '2019-07-27' GROUP BY ACTIVITY_DATE ORDER BY ACTIVITY_DATE"
187,Y,N,"SELECT DISTINCT ACTIVITY_DATE AS DAY, COUNT(DISTINCT USER_ID) AS ACTIVE_USERS FROM ACTIVITY GROUP BY ACTIVITY_DATE HAVING DATEDIFF('2019-07-27',ACTIVITY_DATE)<30 AND DATEDIFF('2019-07-27',ACTIVITY_DATE)>0"
188,Y,Y,"SELECT ACTIVITY_DATE AS DAY, COUNT(DISTINCT USER_ID) AS ACTIVE_USERS FROM ACTIVITY WHERE ACTIVITY_DATE BETWEEN DATE_SUB('2019-07-29', INTERVAL 31 DAY) AND '2019-07-29' GROUP BY ACTIVITY_DATE"
189,Y,Y,"SELECT ACTIVITY_DATE AS DAY, COUNT(DISTINCT USER_ID) AS ACTIVE_USERS FROM ACTIVITY WHERE DATEDIFF('2019-07-27',ACTIVITY_DATE)< 30 AND ACTIVITY_DATE <= '2019-07-27' AND ACTIVITY_TYPE IS NOT NULL GROUP BY ACTIVITY_DATE"
190,Y,Y,"SELECT ACTIVITY_DATE AS DAY, COUNT(DISTINCT USER_ID) AS ACTIVE_USERS FROM ACTIVITY WHERE ACTIVITY_DATE >= '2019-07-27' - INTERVAL 29 DAY AND ACTIVITY_DATE <= '2019-07-27' GROUP BY ACTIVITY_DATE"
191,Y,Y,"WITH T AS ( SELECT * FROM ACTIVITY WHERE ACTIVITY_DATE >= '2019-06-28' AND ACTIVITY_DATE <= '2019-07-27' ) SELECT ACTIVITY_DATE AS DAY, COUNT(DISTINCT(USER_ID)) AS ACTIVE_USERS FROM T GROUP BY ACTIVITY_DATE"
192,?,?,"SELECT A.ACTIVITY_DATE AS DAY, COUNT(DISTINCT A.USER_ID) AS ACTIVE_USERS FROM ACTIVITY A WHERE A.ACTIVITY_DATE <= '2019-07-27' AND A.ACTIVITY_DATE > '2019-06-27' GROUP BY A.ACTIVITY_DATE"
193,Y,Y,"SELECT ACTIVITY_DATE AS DAY, COUNT(DISTINCT USER_ID) AS ACTIVE_USERS FROM ACTIVITY WHERE TO_DAYS('2019-07-27') - TO_DAYS(ACTIVITY_DATE) < 30 AND TO_DAYS('2019-07-27') - TO_DAYS(ACTIVITY_DATE) >= 0 GROUP BY ACTIVITY_DATE"
194,Y,N,"SELECT ACTIVITY_DATE AS DAY, COUNT(DISTINCT(USER_ID)) AS ACTIVE_USERS FROM ACTIVITY WHERE '2019-06-27' < ACTIVITY_DATE AND ACTIVITY_DATE < '2019-07-27' GROUP BY ACTIVITY_DATE"
195,Y,N,"SELECT ACTIVITY_DATE AS DAY, COUNT(DISTINCT USER_ID) AS ACTIVE_USERS FROM ACTIVITY WHERE ACTIVITY_DATE > '2019-6-27' AND ACTIVITY_DATE < '2019-7-27' GROUP BY ACTIVITY_DATE"
196,Y,N,"SELECT ACTIVITY_DATE AS DAY, COUNT(DISTINCT USER_ID) AS ACTIVE_USERS FROM ACTIVITY WHERE ACTIVITY_TYPE IS NOT NULL AND ACTIVITY_DATE > '2019-06-27' AND ACTIVITY_DATE < '2019-07-27' GROUP BY ACTIVITY_DATE HAVING COUNT(DISTINCT USER_ID) > 0"
197,Y,Y,"SELECT ACTIVITY_DATE AS DAY, COUNT(DISTINCT USER_ID) AS ACTIVE_USERS FROM ACTIVITY WHERE ACTIVITY_DATE <= '2019-07-27' AND ACTIVITY_DATE >= DATE_SUB('2019-07-27', INTERVAL 29 DAY) GROUP BY ACTIVITY_DATE"
198,Y,N,"SELECT ACTIVITY_DATE AS DAY, COUNT(DISTINCT USER_ID) AS ACTIVE_USERS FROM ACTIVITY WHERE DATEDIFF('2019-07-27', ACTIVITY_DATE) < 30 AND DATEDIFF('2019-07-27', ACTIVITY_DATE) > 0 GROUP BY 1"
199,Y,N,"SELECT ACTIVITY_DATE AS DAY, COUNT(DISTINCT(USER_ID)) AS ACTIVE_USERS FROM ACTIVITY WHERE DATEDIFF('2019-07-27',ACTIVITY_DATE)<30 AND DATEDIFF('2019-07-27',ACTIVITY_DATE)>0 GROUP BY ACTIVITY_DATE"
200,Y,N,"SELECT ACTIVITY_DATE DAY, COUNT(USER_ID) ACTIVE_USERS FROM ( SELECT DISTINCT USER_ID , ACTIVITY_DATE FROM ACTIVITY WHERE DATEDIFF('2019-07-27', ACTIVITY_DATE) < 30 AND DATEDIFF('2019-07-27', ACTIVITY_DATE) > 0 ORDER BY ACTIVITY_DATE) T GROUP BY ACTIVITY_DATE"
201,Y,Y,"SELECT ACTIVITY_DATE AS DAY, COUNT(DISTINCT USER_ID) AS ACTIVE_USERS FROM ACTIVITY WHERE ACTIVITY_DATE BETWEEN '2019-06-28' AND '2019-07-27' AND ACTIVITY_TYPE IN ('open_session', 'end_session', 'scroll_down', 'send_message') GROUP BY DAY"
202,Y,Y,"SELECT ACTIVITY_DATE AS DAY, COUNT( DISTINCT USER_ID) AS ACTIVE_USERS FROM ACTIVITY WHERE ACTIVITY_DATE BETWEEN '2019-06-28' AND '2019-07-27' GROUP BY 1 HAVING COUNT(*)>=1"
203,?,?,"SELECT ACTIVITY_DATE AS DAY, COUNT(*) AS ACTIVE_USERS FROM (SELECT ACTIVITY_DATE, COUNT(DISTINCT(USER_ID)) FROM ACTIVITY WHERE ACTIVITY_DATE BETWEEN DATE_SUB('2019-07-27', INTERVAL 29 DAY) AND '2019-07-27' GROUP BY ACTIVITY_DATE, USER_ID) AS T GROUP BY T.ACTIVITY_DATE"
204,Y,Y,"SELECT A.ACTIVITY_DATE AS DAY, COUNT(DISTINCT A.USER_ID) AS ACTIVE_USERS FROM ACTIVITY AS A WHERE DATEDIFF('2019-07-27', A.ACTIVITY_DATE) < 30 AND DATEDIFF('2019-07-27', A.ACTIVITY_DATE) >= 0 GROUP BY DAY"
205,Y,Y,"SELECT ACTIVITY_DATE AS DAY, COUNT(DISTINCT USER_ID) ACTIVE_USERS FROM ACTIVITY WHERE ACTIVITY_DATE >'2019-06-27' AND ACTIVITY_DATE <='2019-07-27' GROUP BY ACTIVITY_DATE"
206,Y,Y,"SELECT ACTIVITY_DATE AS DAY, COUNT( DISTINCT USER_ID) AS ACTIVE_USERS FROM ACTIVITY WHERE DATEDIFF( '2019-07-27', ACTIVITY_DATE ) < 30 AND DATEDIFF( '2019-07-27', ACTIVITY_DATE ) >= 0 GROUP BY ACTIVITY_DATE HAVING COUNT( DISTINCT USER_ID) > 0"
207,Y,Y,"SELECT ACTIVITY_DATE AS DAY, COUNT(DISTINCT USER_ID) AS ACTIVE_USERS FROM ACTIVITY WHERE DATEDIFF('2019-07-27', ACTIVITY_DATE) < 30 AND ACTIVITY_DATE <= '2019-07-27' GROUP BY ACTIVITY_DATE ORDER BY 1"
208,Y,Y,"SELECT COUNT(DISTINCT(USER_ID)) AS ACTIVE_USERS, ACTIVITY_DATE AS DAY FROM ACTIVITY WHERE ACTIVITY_DATE > DATE_SUB('2019-07-27', INTERVAL 30 DAY) AND ACTIVITY_DATE <= '2019-07-27' GROUP BY ACTIVITY_DATE"
209,Y,Y,"SELECT DISTINCT ACTIVITY_DATE AS DAY, COUNT(DISTINCT USER_ID) AS ACTIVE_USERS FROM ACTIVITY WHERE ACTIVITY_DATE > '2019-06-27' AND ACTIVITY_DATE <= '2019-07-27' GROUP BY ACTIVITY_DATE"
210,Y,Y,"SELECT ACTIVITY_DATE AS DAY, COUNT(DISTINCT USER_ID) AS ACTIVE_USERS FROM ACTIVITY WHERE ACTIVITY_DATE BETWEEN '2019-6-28' AND '2019-7-27' GROUP BY 1"
211,Y,Y,"SELECT ACTIVITY_DATE AS DAY , COUNT(DISTINCT USER_ID) AS ACTIVE_USERS FROM ACTIVITY GROUP BY ACTIVITY_DATE HAVING ACTIVITY_DATE > DATE('2019-07-27') - INTERVAL 30 DAY AND ACTIVITY_DATE <= DATE('2019-07-27')"
212,Y,Y,"SELECT ACTIVITY_DATE DAY,COUNT(DISTINCT USER_ID) AS ACTIVE_USERS FROM ACTIVITY WHERE DATEDIFF('2019-07-27',ACTIVITY_DATE)<=29 AND DATEDIFF('2019-07-27',ACTIVITY_DATE)>=0 GROUP BY ACTIVITY_DATE"
213,Y,Y,"SELECT ACTIVITY_DATE AS DAY, COUNT(DISTINCT USER_ID) AS ACTIVE_USERS FROM ACTIVITY WHERE DATEDIFF('2019-07-27',ACTIVITY_DATE)<=29 AND DATEDIFF('2019-07-27',ACTIVITY_DATE)>=0 GROUP BY ACTIVITY_DATE"
214,Y,Y,"SELECT DISTINCT(ACTIVITY_DATE) AS DAY, COUNT(DISTINCT(USER_ID)) AS ACTIVE_USERS FROM ACTIVITY WHERE ACTIVITY_DATE BETWEEN DATE_ADD('2019-07-27', INTERVAL -29 DAY) AND '2019-07-27' GROUP BY ACTIVITY_DATE"
215,Y,Y,"SELECT ACTIVITY_DATE AS DAY, COUNT(DISTINCT USER_ID) AS ACTIVE_USERS FROM ACTIVITY WHERE ACTIVITY_DATE <= '2019-07-27' AND ACTIVITY_DATE > DATE_SUB('2019-07-27',INTERVAL 30 DAY) AND ACTIVITY_TYPE IS NOT NULL GROUP BY ACTIVITY_DATE"
216,Y,Y,"SELECT ACTIVITY_DATE AS DAY, COUNT(DISTINCT USER_ID) AS ACTIVE_USERS FROM ACTIVITY GROUP BY ACTIVITY_DATE HAVING MIN(ACTIVITY_DATE) >='2019-06-28' AND MAX(ACTIVITY_DATE) <='2019-07-27'"
217,Y,N,"SELECT DISTINCT ACTIVITY_DATE AS DAY ,COUNT(DISTINCT USER_ID) AS ACTIVE_USERS FROM ACTIVITY WHERE ACTIVITY_DATE> '2019-06-27' AND ACTIVITY_DATE<'2019-07-27' GROUP BY ACTIVITY_DATE"
218,Y,N,"SELECT ACTIVITY_DATE AS DAY, COUNT(DISTINCT USER_ID) AS ACTIVE_USERS FROM ACTIVITY WHERE ACTIVITY_DATE <= STR_TO_DATE('2019-07-27', '%Y-%M-%D') AND ACTIVITY_DATE > DATE_SUB(STR_TO_DATE('2019-07-27', '%Y-%M-%D'), INTERVAL 30 DAY) GROUP BY ACTIVITY_DATE"
219,Y,Y,"SELECT ACTIVITY_DATE AS DAY , COUNT(DISTINCT USER_ID) AS ACTIVE_USERS FROM ACTIVITY GROUP BY ACTIVITY_DATE HAVING ACTIVITY_DATE > DATE_ADD('2019-07-27', INTERVAL -30 DAY) AND ACTIVITY_DATE <= '2019-07-27'"
220,Y,Y,"SELECT ACTIVITY_DATE DAY, COUNT(USER_ID) ACTIVE_USERS FROM (SELECT DISTINCT USER_ID,ACTIVITY_DATE FROM (SELECT * FROM ACTIVITY WHERE ACTIVITY_DATE BETWEEN '2019-06-28' AND '2019-07-27')A WHERE ACTIVITY_TYPE IN (SELECT ACTIVITY_TYPE FROM ACTIVITY))A GROUP BY 1 HAVING COUNT(USER_ID) >=1 ORDER BY 1"
221,Y,Y,"SELECT ACTIVITY_DATE AS DAY, COUNT(DISTINCT USER_ID) AS ACTIVE_USERS FROM ACTIVITY WHERE '2019-06-28' <= ACTIVITY_DATE AND ACTIVITY_DATE <= '2019-07-27' GROUP BY ACTIVITY_DATE"
222,Y,N,"SELECT ACTIVITY_DATE AS DAY, COUNT(DISTINCT USER_ID) AS ACTIVE_USERS FROM ACTIVITY WHERE ACTIVITY_TYPE IS NOT NULL AND ACTIVITY_DATE > '2019-06-27' AND ACTIVITY_DATE < '2019-07-27' GROUP BY ACTIVITY_DATE"
223,Y,Y,"SELECT ACTIVITY_DATE AS DAY, COUNT(DISTINCT USER_ID) AS ACTIVE_USERS FROM ACTIVITY GROUP BY ACTIVITY_DATE HAVING DATEDIFF('2019-07-27', ACTIVITY_DATE) < 30 AND ACTIVITY_DATE <= '2019-07-27'"
224,Y,Y,"SELECT ACTIVITY_DATE AS DAY, COUNT(DISTINCT(USER_ID)) AS ACTIVE_USERS FROM ACTIVITY WHERE DATEDIFF('2019-07-27', ACTIVITY_DATE) BETWEEN 0 AND 29 GROUP BY ACTIVITY_DATE"
225,Y,Y,"SELECT ACTIVITY_DATE AS DAY, COUNT(DISTINCT(USER_ID)) AS ACTIVE_USERS FROM ACTIVITY GROUP BY ACTIVITY_DATE HAVING DAY >'2019-06-27' AND DAY <= '2019-07-27' AND ACTIVE_USERS <> 0"
226,Y,Y,"SELECT ACTIVITY_DATE AS DAY,COUNT(DISTINCT USER_ID) AS ACTIVE_USERS FROM ACTIVITY WHERE ACTIVITY_DATE > CAST('2019-06-27' AS DATE) AND ACTIVITY_DATE <= CAST('2019-07-27' AS DATE) GROUP BY ACTIVITY_DATE ORDER BY ACTIVITY_DATE"
227,Y,Y,"SELECT ACTIVITY_DATE AS DAY , COUNT(DISTINCT ACTIVITY.USER_ID) AS ACTIVE_USERS FROM ACTIVITY WHERE ACTIVITY.ACTIVITY_DATE <= '2019-07-27' AND ACTIVITY.ACTIVITY_DATE > DATE_SUB('2019-07-27', INTERVAL 30 DAY) GROUP BY ACTIVITY_DATE"
228,Y,Y,"SELECT ACTIVITY_DATE AS DAY, COUNT(DISTINCT USER_ID) AS ACTIVE_USERS FROM ACTIVITY WHERE ACTIVITY_DATE > DATE_SUB('2019-07-27', INTERVAL 30 DAY) AND ACTIVITY_DATE <= '2019-07-27' GROUP BY DAY"
229,Y,N,"SELECT ACTIVITY_DATE AS DAY, COUNT(DISTINCT USER_ID) AS ACTIVE_USERS FROM ACTIVITY WHERE DATEDIFF('2019-07-27', ACTIVITY_DATE) < 30 AND DATEDIFF('2019-07-27', ACTIVITY_DATE) >0 GROUP BY ACTIVITY_DATE HAVING COUNT(DISTINCT USER_ID) > 0"
230,Y,Y,"SELECT ACTIVITY_DATE DAY, COUNT(DISTINCT(USER_ID)) ACTIVE_USERS FROM ACTIVITY WHERE (ACTIVITY_DATE > DATE_SUB('2019-07-27', INTERVAL 30 DAY)) AND (ACTIVITY_DATE <= '2019-07-27') GROUP BY ACTIVITY_DATE"
231,Y,N,"SELECT DISTINCT ACTIVITY_DATE AS DAY , COUNT( DISTINCT USER_ID)AS ACTIVE_USERS FROM ACTIVITY GROUP BY ACTIVITY_DATE HAVING ACTIVITY_DATE<'2019-07-27' AND ACTIVITY_DATE>'2019-06-27'"
232,Y,Y,"SELECT ACTIVITY_DATE AS DAY, COUNT(DISTINCT USER_ID) AS ACTIVE_USERS FROM ACTIVITY WHERE ACTIVITY_DATE > DATE_ADD('2019-07-27', INTERVAL -30 DAY) AND ACTIVITY_DATE <= '2019-07-27' GROUP BY ACTIVITY_DATE"
233,Y,Y,"SELECT ACTIVITY_DATE DAY, COUNT(DISTINCT(USER_ID)) ACTIVE_USERS FROM ACTIVITY WHERE ACTIVITY_DATE BETWEEN '2019-06-28' AND '2019-07-27' GROUP BY ACTIVITY_DATE"
234,Y,Y,"SELECT ACTIVITY_DATE AS DAY, COUNT(DISTINCT(USER_ID)) AS ACTIVE_USERS FROM ACTIVITY WHERE ACTIVITY_DATE <= '2019-07-27' AND ACTIVITY_DATE > '2019-06-27' GROUP BY ACTIVITY_DATE"
235,Y,Y,"SELECT DAY, COUNT(*) AS ACTIVE_USERS FROM (SELECT ACTIVITY_DATE DAY, USER_ID FROM ACTIVITY WHERE MONTH(ACTIVITY_DATE) = 7 OR (MONTH(ACTIVITY_DATE) = 6 AND DAY(ACTIVITY_DATE) >= 28) GROUP BY ACTIVITY_DATE, USER_ID) AS SUB GROUP BY DAY"
236,Y,Y,"SELECT ACTIVITY_DATE AS DAY,COUNT(DISTINCT(USER_ID)) AS ACTIVE_USERS FROM ACTIVITY WHERE ACTIVITY_DATE BETWEEN (DATE_ADD('2019-07-27',INTERVAL -29 DAY)) AND DATE('2019-07-27') GROUP BY DAY"
237,Y,Y,"SELECT ACTIVITY_DATE DAY, COUNT(DISTINCT USER_ID) ACTIVE_USERS FROM ACTIVITY GROUP BY ACTIVITY_DATE HAVING ACTIVITY_DATE>='2019-06-28' AND ACTIVITY_DATE<='2019-07-27'"
238,Y,N,"SELECT ACTIVITY_DATE AS DAY, COUNT(DISTINCT USER_ID) AS ACTIVE_USERS FROM ACTIVITY GROUP BY ACTIVITY_DATE HAVING DATEDIFF('2019-07-27', ACTIVITY_DATE) < 30 AND DATEDIFF('2019-07-27', ACTIVITY_DATE) > 0"
239,Y,Y,"SELECT ACTIVITY_DATE AS DAY , COUNT(DISTINCT(USER_ID)) AS ACTIVE_USERS FROM ACTIVITY WHERE ACTIVITY.ACTIVITY_DATE > SUBDATE('2019-07-27', INTERVAL 30 DAY) AND ACTIVITY.ACTIVITY_DATE <= '2019-07-27' GROUP BY ACTIVITY_DATE"
240,Y,Y,"SELECT T.ACTIVITY_DATE AS DAY, COUNT(USER_ID) AS ACTIVE_USERS FROM ( SELECT USER_ID, ACTIVITY_DATE FROM ACTIVITY WHERE ACTIVITY_DATE > DATE_SUB('2019-07-27', INTERVAL 30 DAY) AND ACTIVITY_DATE <= '2019-07-27' GROUP BY ACTIVITY_DATE, USER_ID ) AS T GROUP BY T.ACTIVITY_DATE"
241,Y,Y,"SELECT ACTIVITY_DATE AS DAY, COUNT(DISTINCT USER_ID) AS ACTIVE_USERS FROM ACTIVITY WHERE ACTIVITY_DATE BETWEEN '2019-06-28' AND '2019-07-28' GROUP BY ACTIVITY_DATE"
242,Y,Y,"SELECT ACTIVITY_DATE DAY, COUNT(DISTINCT USER_ID) ACTIVE_USERS FROM ACTIVITY A WHERE ACTIVITY_DATE > '2019-06-27' AND ACTIVITY_DATE < '2019-07-28' GROUP BY ACTIVITY_DATE"
243,Y,Y,"SELECT ACTIVITY_DATE AS DAY, COUNT(DISTINCT USER_ID) AS ACTIVE_USERS FROM ACTIVITY WHERE ACTIVITY_DATE <= DATE '2019-07-27' AND ACTIVITY_DATE > DATE '2019-06-27' GROUP BY ACTIVITY_DATE"
244,Y,Y,"SELECT ACTIVITY_DATE AS DAY, COUNT(DISTINCT USER_ID) AS ACTIVE_USERS FROM ACTIVITY GROUP BY DAY HAVING ACTIVITY_DATE > '2019-06-27' AND ACTIVITY_DATE <='2019-07-27'"
245,Y,N,"SELECT ACTIVITY_DATE AS DAY, COUNT(DISTINCT USER_ID) AS ACTIVE_USERS FROM ACTIVITY AC GROUP BY ACTIVITY_DATE HAVING ACTIVITY_DATE > DATE_SUB(STR_TO_DATE('2019-07-27','%Y-%M-%D'), INTERVAL 30 DAY) AND DATE(ACTIVITY_DATE) <= '2019-07-27'"
246,Y,N,"SELECT ACTIVITY_DATE AS DAY , COUNT(DISTINCT USER_ID) AS ACTIVE_USERS FROM ACTIVITY WHERE ACTIVITY_DATE > '2019-06-27' AND ACTIVITY_DATE < '2019-07-27' GROUP BY ACTIVITY_DATE"
247,Y,Y,"SELECT ACTIVITY_DATE AS DAY, COUNT(DISTINCT USER_ID) AS ACTIVE_USERS FROM ACTIVITY WHERE ACTIVITY_DATE BETWEEN DATE '2019-06-28' AND DATE '2019-07-27' GROUP BY ACTIVITY_DATE"
248,Y,Y,"SELECT ACTIVITY_DATE AS DAY, COUNT(DISTINCT USER_ID) AS ACTIVE_USERS FROM ACTIVITY WHERE DATEDIFF('2019-07-27',ACTIVITY_DATE) BETWEEN 0 AND 29 GROUP BY 1"
249,Y,Y,"SELECT ACTIVITY_DATE AS DAY, COUNT(DISTINCT USER_ID) AS ACTIVE_USERS FROM ACTIVITY WHERE ACTIVITY_DATE > '2019-06-27' AND ACTIVITY_DATE <= '2019-07-27' GROUP BY ACTIVITY_DATE HAVING COUNT(DISTINCT USER_ID) > 0"
250,Y,Y,"SELECT DISTINCT ACTIVITY_DATE AS DAY , COUNT( DISTINCT USER_ID)AS ACTIVE_USERS FROM ACTIVITY WHERE ACTIVITY_DATE<='2019-07-27' AND ACTIVITY_DATE>'2019-06-27' GROUP BY ACTIVITY_DATE"
251,Y,N,"SELECT ACTIVITY_DATE AS DAY, COUNT(DISTINCT USER_ID) AS ACTIVE_USERS FROM ACTIVITY WHERE DATEDIFF('2019-07-27',ACTIVITY_DATE)<30 AND ACTIVITY_DATE < '2019-07-27' GROUP BY ACTIVITY_DATE"
252,Y,N,"SELECT DAY, ACTIVE_USERS FROM ( SELECT ACTIVITY_DATE AS DAY, COUNT(DISTINCT USER_ID) AS ACTIVE_USERS FROM ACTIVITY WHERE DATEDIFF('2019-07-27',ACTIVITY_DATE) < 30 AND DATEDIFF('2019-07-27',ACTIVITY_DATE) >0 GROUP BY 1 ) X ORDER BY 1"
253,Y,Y,"SELECT ACTIVITY_DATE AS DAY,COUNT(DISTINCT USER_ID) AS ACTIVE_USERS FROM ACTIVITY GROUP BY DAY HAVING DATEDIFF('2019-07-27', ACTIVITY_DATE)<30 AND ACTIVITY_DATE <= '2019-07-27'"
254,Y,Y,"SELECT ACTIVITY_DATE AS DAY, COUNT(DISTINCT USER_ID) AS ACTIVE_USERS FROM ACTIVITY WHERE ACTIVITY_TYPE IS NOT NULL AND ACTIVITY_DATE <='2019-07-27' GROUP BY DAY HAVING DATEDIFF('2019-07-27',ACTIVITY_DATE)<30"
255,Y,N,"SELECT ACTIVITY_DATE AS DAY, COUNT(DISTINCT USER_ID) AS ACTIVE_USERS FROM ACTIVITY WHERE DATEDIFF('2019-07-27', ACTIVITY_DATE) <=29 AND DATEDIFF('2019-07-27', ACTIVITY_DATE) >0 GROUP BY ACTIVITY_DATE"
256,Y,Y,"SELECT ACTIVITY_DATE AS DAY , COUNT(DISTINCT(USER_ID)) AS ACTIVE_USERS FROM ACTIVITY GROUP BY ACTIVITY_DATE HAVING DATEDIFF('2019-07-27', ACTIVITY_DATE) < 30 AND DATEDIFF('2019-07-27', ACTIVITY_DATE) >= 0"
257,Y,Y,"SELECT ACTIVITY_DATE AS DAY, COUNT(DISTINCT USER_ID) AS ACTIVE_USERS FROM ACTIVITY WHERE ACTIVITY_DATE <= '2019-07-27' AND ACTIVITY_DATE > '2019-06-27' GROUP BY DAY"
258,Y,N,"SELECT ACTIVITY_DATE AS DAY, COUNT(TEMP.USER_ID) AS ACTIVE_USERS FROM ( SELECT USER_ID, ACTIVITY_DATE, COUNT(SESSION_ID) FROM ACTIVITY WHERE DATEDIFF('2019-07-27', ACTIVITY_DATE) < 30 AND DATEDIFF('2019-07-27', ACTIVITY_DATE) > 0 GROUP BY USER_ID, ACTIVITY_DATE ) TEMP GROUP BY TEMP.ACTIVITY_DATE ORDER BY DAY"
259,Y,N,"SELECT ACTIVITY_DATE AS DAY, COUNT(DISTINCT USER_ID) AS ACTIVE_USERS FROM ACTIVITY WHERE TO_DAYS('2019-07-27')-TO_DAYS(ACTIVITY_DATE)BETWEEN 1 AND 29 GROUP BY ACTIVITY_DATE"
260,Y,N,"SELECT A.ACTIVITY_DATE AS DAY , COUNT(A.ACTIVITY_DATE) AS ACTIVE_USERS FROM ( SELECT DISTINCT USER_ID , ACTIVITY_DATE FROM ACTIVITY ) AS A WHERE A.ACTIVITY_DATE < '2019-07-27' AND A.ACTIVITY_DATE > '2019-06-27' GROUP BY ACTIVITY_DATE ORDER BY ACTIVITY_DATE ASC"
261,Y,Y,"SELECT DISTINCT ACTIVITY_DATE AS DAY, COUNT(DISTINCT USER_ID) AS ACTIVE_USERS FROM ACTIVITY GROUP BY ACTIVITY_DATE HAVING ACTIVITY_DATE BETWEEN '2019-06-28'AND '2019-07-27'"
262,Y,N,"SELECT ACTIVITY_DATE AS DAY,COUNT(DISTINCT USER_ID) AS ACTIVE_USERS FROM ACTIVITY WHERE (DATEDIFF('2019-07-27', ACTIVITY_DATE) < 30) GROUP BY ACTIVITY_DATE"
263,Y,Y,"SELECT ACTIVITY_DATE AS DAY, COUNT(DISTINCT USER_ID) AS ACTIVE_USERS FROM ACTIVITY WHERE ACTIVITY_DATE BETWEEN '2019-06-28' AND '2019-07-27' GROUP BY 1 ORDER BY 1"
264,Y,N,"SELECT COUNT(DISTINCT USER_ID) AS ACTIVE_USERS, ACTIVITY_DATE AS DAY FROM ACTIVITY WHERE ACTIVITY_DATE > '2019-06-27' AND ACTIVITY_DATE < '2019-07-27' GROUP BY ACTIVITY_DATE"
265,Y,N,"WITH COUT AS (SELECT ACTIVITY_DATE, USER_ID, COUNT(DISTINCT(USER_ID)) AS COUNT FROM ACTIVITY GROUP BY ACTIVITY_DATE) SELECT ACTIVITY_DATE AS DAY, COUNT AS ACTIVE_USERS FROM COUT WHERE DATEDIFF('2019-07-27', ACTIVITY_DATE) < 30 AND '2019-07-27' > ACTIVITY_DATE"
266,Y,Y,"SELECT ACTIVITY_DATE AS DAY, COUNT(DISTINCT USER_ID) AS ACTIVE_USERS FROM ACTIVITY WHERE DATEDIFF('2019-07-27',ACTIVITY_DATE) >=0 AND DATEDIFF('2019-07-27',ACTIVITY_DATE) <30 AND ACTIVITY_TYPE IS NOT NULL GROUP BY ACTIVITY_DATE"
267,Y,Y,"SELECT ACTIVITY_DATE AS DAY, COUNT(DISTINCT(USER_ID)) AS ACTIVE_USERS FROM ACTIVITY WHERE ACTIVITY_DATE <= '2019-07-27' AND ACTIVITY_DATE >= '2019-06-28' GROUP BY ACTIVITY_DATE"
268,Y,Y,"SELECT ACTIVITY_DATE DAY, COUNT(DISTINCT(USER_ID)) ACTIVE_USERS FROM ACTIVITY WHERE ACTIVITY_DATE > '2019-06-27' AND ACTIVITY_DATE <= '2019-07-27' GROUP BY DAY"
269,Y,N,"SELECT ACTIVITY_DATE AS DAY , COUNT(DISTINCT USER_ID) AS ACTIVE_USERS FROM ACTIVITY GROUP BY DAY HAVING DATEDIFF('2019-07-27', ACTIVITY_DATE) < 30"
270,Y,Y,"SELECT ACTIVITY_DATE AS DAY, COUNT(DISTINCT USER_ID) AS ACTIVE_USERS FROM ACTIVITY WHERE ACTIVITY_DATE>='2019-06-28' AND ACTIVITY_DATE<='2019-07-27' GROUP BY ACTIVITY_DATE"
271,Y,Y,"SELECT ACTIVITY_DATE AS DAY, COUNT(DISTINCT USER_ID) AS ACTIVE_USERS FROM ACTIVITY WHERE ACTIVITY_DATE <= '2019-07-27' AND DATEDIFF ('2019-07-27' , ACTIVITY_DATE) < 30 GROUP BY ACTIVITY_DATE"
272,Y,N,"SELECT ACTIVITY_DATE AS DAY, COUNT(DISTINCT USER_ID) AS ACTIVE_USERS FROM ACTIVITY WHERE ACTIVITY_DATE > DATE_SUB('2019-07-27', INTERVAL 30 DAY) GROUP BY ACTIVITY_DATE"
273,Y,Y,"SELECT ACTIVITY_DATE AS DAY, COUNT(DISTINCT USER_ID) AS ACTIVE_USERS FROM ACTIVITY WHERE TO_DAYS('2019-07-27') - TO_DAYS(ACTIVITY_DATE) BETWEEN 0 AND 29 GROUP BY ACTIVITY_DATE"
274,Y,Y,"SELECT ACTIVITY_DATE AS DAY, COUNT(DISTINCT USER_ID) AS ACTIVE_USERS FROM ACTIVITY WHERE ACTIVITY_DATE BETWEEN ('2019-07-27' - INTERVAL 29 DAY) AND '2019-07-27' GROUP BY ACTIVITY_DATE HAVING COUNT(DISTINCT USER_ID)>=1"
275,Y,Y,"SELECT ACTIVITY_DATE AS DAY, COUNT(USER_ID) AS ACTIVE_USERS FROM( SELECT DISTINCT USER_ID, ACTIVITY_DATE FROM ACTIVITY WHERE ACTIVITY_DATE BETWEEN '2019-06-28' AND '2019-07-27' ) TEMP GROUP BY ACTIVITY_DATE"
276,Y,N,"SELECT ACTIVITY_DATE DAY, COUNT(DISTINCT(USER_ID)) ACTIVE_USERS FROM ACTIVITY WHERE DATEDIFF('2019-07-27', ACTIVITY_DATE) <30 GROUP BY ACTIVITY_DATE"
277,Y,Y,"SELECT ACTIVITY_DATE AS DAY, COUNT(DISTINCT(USER_ID)) AS ACTIVE_USERS FROM ACTIVITY WHERE ACTIVITY_DATE > '2019-06-27' AND ACTIVITY_DATE <= '2019-07-27' GROUP BY ACTIVITY_DATE ORDER BY ACTIVITY_DATE"
278,Y,N,"SELECT ACTIVITY_DATE AS DAY, COUNT(DISTINCT USER_ID) AS ACTIVE_USERS FROM ACTIVITY WHERE ACTIVITY_TYPE IS NOT NULL AND DATEDIFF('2019-07-27', ACTIVITY_DATE) <30 GROUP BY ACTIVITY_DATE"
279,Y,Y,"SELECT ACTIVITY_DATE AS DAY, COUNT(DISTINCT USER_ID) AS ACTIVE_USERS FROM ACTIVITY GROUP BY ACTIVITY_DATE HAVING ACTIVITY_DATE BETWEEN '2019-07-27' - INTERVAL 29 DAY AND '2019-07-27'"
280,Y,Y,"SELECT A.ACTIVITY_DATE AS DAY, COUNT(A.USER_ID) AS ACTIVE_USERS FROM ( SELECT USER_ID, ACTIVITY_DATE FROM ACTIVITY GROUP BY USER_ID, ACTIVITY_DATE HAVING DATEDIFF('2019-07-27', ACTIVITY_DATE) <30 AND ACTIVITY_DATE <= '2019-07-27') A GROUP BY A.ACTIVITY_DATE"
281,Y,N,"SELECT ACTIVITY_DATE AS DAY, COUNT(DISTINCT USER_ID) AS ACTIVE_USERS FROM ACTIVITY GROUP BY DAY HAVING DAY > (SELECT SUBDATE('2019-07-27', INTERVAL 30 DAY))"
282,Y,Y,"SELECT ACTIVITY_DATE AS DAY, COUNT(DISTINCT USER_ID) AS ACTIVE_USERS FROM ACTIVITY WHERE ACTIVITY_DATE>=DATE_ADD('2019-07-27', INTERVAL -29 DAY) AND ACTIVITY_DATE<='2019-07-27' GROUP BY 1"
283,Y,Y,"SELECT ACTIVITY_DATE AS DAY, COUNT(DISTINCT USER_ID) AS ACTIVE_USERS FROM ACTIVITY WHERE DATEDIFF('2019-07-27',ACTIVITY_DATE)<30 AND ACTIVITY_DATE<='2019-07-27' AND ACTIVITY_TYPE IS NOT NULL GROUP BY DAY"
284,Y,Y,"SELECT ACTIVITY_DATE AS DAY , COUNT(DISTINCT(USER_ID)) AS ACTIVE_USERS FROM ACTIVITY WHERE ACTIVITY_DATE <= '2019-07-27' AND ACTIVITY_DATE > DATE_ADD('2019-07-27', INTERVAL -30 DAY) GROUP BY ACTIVITY_DATE"
285,Y,Y,"SELECT ACTIVITY_DATE DAY, COUNT(DISTINCT USER_ID) ACTIVE_USERS FROM ACTIVITY GROUP BY ACTIVITY_DATE HAVING ACTIVITY_DATE > DATE_ADD('2019-07-27', INTERVAL -30 DAY) AND ACTIVITY_DATE <= '2019-07-27'"
286,Y,Y,"SELECT ACTIVITY_DATE AS DAY, COUNT(DISTINCT USER_ID) AS ACTIVE_USERS FROM ACTIVITY WHERE (CAST('2019-07-27' AS DATE) - INTERVAL 30 DAY) < ACTIVITY_DATE AND ACTIVITY_DATE <= CAST('2019-07-27' AS DATE) GROUP BY ACTIVITY_DATE"
287,?,?,"SELECT ACTIVITY_DATE AS DAY, COUNT(DISTINCT USER_ID) AS ACTIVE_USERS FROM ACTIVITY WHERE ACTIVITY_DATE > DATE_SUB('2019-07-27',INTERVAL 30 DAY) AND ACTIVITY_DATE < '2019-07-27' GROUP BY ACTIVITY_DATE"
288,Y,Y,"SELECT ACTIVITY_DATE AS DAY, COUNT(DISTINCT USER_ID) AS ACTIVE_USERS FROM ACTIVITY WHERE ACTIVITY_DATE BETWEEN SUBDATE('2019-07-27', 29) AND '2019-07-27' GROUP BY ACTIVITY_DATE"
289,Y,Y,"SELECT ACTIVITY_DATE AS DAY, COUNT(DISTINCT USER_ID) AS ACTIVE_USERS FROM ACTIVITY WHERE (TO_DAYS('2019-07-27')-TO_DAYS(ACTIVITY_DATE)<30) AND (TO_DAYS('2019-07-27')-TO_DAYS(ACTIVITY_DATE)>=0) GROUP BY DAY"
290,Y,Y,"SELECT ACTIVITY_DATE AS DAY, COUNT(DISTINCT USER_ID) AS ACTIVE_USERS FROM ACTIVITY GROUP BY ACTIVITY_DATE HAVING DATEDIFF('2019-07-27', ACTIVITY_DATE) >= 0 AND DATEDIFF('2019-07-27', ACTIVITY_DATE) < 30"
291,Y,Y,"SELECT ACTIVITY_DATE AS DAY, COUNT(DISTINCT(USER_ID)) AS ACTIVE_USERS FROM ACTIVITY WHERE ACTIVITY_DATE >'2019-06-27' AND ACTIVITY_DATE <='2019-07-27' GROUP BY ACTIVITY_DATE"
292,Y,Y,"SELECT ACTIVITY_DATE AS DAY, COUNT(DISTINCT USER_ID) AS ACTIVE_USERS FROM ACTIVITY WHERE DATEDIFF('2019-07-27',ACTIVITY_DATE) < 30 AND ACTIVITY_DATE <= '2019-07-27' GROUP BY DAY"
293,Y,N,"SELECT ACTIVITY_DATE AS DAY , COUNT(DISTINCT USER_ID) AS ACTIVE_USERS FROM ACTIVITY WHERE USER_ID IS NOT NULL AND ACTIVITY_DATE >= '2019-06-28' AND ACTIVITY_DATE <= '2019-07-27' GROUP BY ACTIVITY_DATE HAVING SUM(DISTINCT USER_ID) > 0"
294,Y,Y,"SELECT ACTIVITY_DATE AS DAY, COUNT(DISTINCT(USER_ID)) AS ACTIVE_USERS FROM ACTIVITY WHERE TO_DAYS('2019-07-27') - TO_DAYS(ACTIVITY_DATE) BETWEEN 0 AND 29 GROUP BY ACTIVITY_DATE HAVING ACTIVE_USERS>0"
295,Y,N,"SELECT A.ACTIVITY_DATE AS DAY, COUNT(DISTINCT A.USER_ID) AS ACTIVE_USERS FROM ACTIVITY A WHERE A.ACTIVITY_TYPE IN ('open_session','scroll_down','send_message','end_session') GROUP BY DAY HAVING DAY > DATE_SUB('2019-07-27',INTERVAL 30 DAY)"
296,Y,N,"WITH NOOF_ACTIVE_USERS AS ( SELECT ACTIVITY_DATE AS DAY, COUNT(DISTINCT USER_ID) AS ACTIVE_USERS FROM ACTIVITY WHERE ACTIVITY_TYPE IN ('open_session', 'end_session','scroll_down', 'send_message') GROUP BY DAY ) SELECT DAY, ACTIVE_USERS FROM NOOF_ACTIVE_USERS WHERE DATEDIFF('2019-07-27', DAY) <30"
297,Y,Y,"SELECT ACTIVITY_DATE AS DAY, COUNT(DISTINCT USER_ID) AS ACTIVE_USERS FROM ACTIVITY GROUP BY 1 HAVING ACTIVITY_DATE BETWEEN '2019-06-28' AND '2019-07-27'"
298,Y,N,"SELECT ACTIVITY_DATE DAY, COUNT(DISTINCT(USER_ID)) ACTIVE_USERS FROM ACTIVITY GROUP BY ACTIVITY_DATE HAVING ACTIVITY_DATE >= '2019-06-28' AND ACTIVITY_DATE <= '2019-08-24'"
299,Y,Y,"WITH USERS_ACTIVITY AS ( SELECT ACTIVITY_DATE, ROW_NUMBER() OVER (PARTITION BY ACTIVITY_DATE, USER_ID) AS R FROM ACTIVITY WHERE ACTIVITY_DATE BETWEEN DATE_SUB('2019-07-27', INTERVAL 29 DAY) AND '2019-07-27' ) SELECT ACTIVITY_DATE AS DAY, COUNT(*) AS ACTIVE_USERS FROM USERS_ACTIVITY WHERE R = 1 GROUP BY ACTIVITY_DATE"
300,Y,N,"SELECT ACTIVITY_DATE AS DAY, COUNT(DISTINCT USER_ID) AS ACTIVE_USERS FROM ACTIVITY WHERE '2019-07-27' > ACTIVITY_DATE AND DATEDIFF('2019-07-27', ACTIVITY_DATE) < 30 GROUP BY ACTIVITY_DATE"
301,Y,Y,"SELECT ACTIVITY_DATE AS DAY, COUNT(DISTINCT USER_ID) AS ACTIVE_USERS FROM ACTIVITY WHERE ACTIVITY_DATE > DATE_SUB('2019-07-27', INTERVAL 30 DAY) AND ACTIVITY_DATE <= '2019-07-27' GROUP BY ACTIVITY_DATE"
302,Y,Y,"SELECT ACTIVITY_DATE AS DAY, COUNT(DISTINCT USER_ID) AS ACTIVE_USERS FROM ACTIVITY WHERE DATEDIFF('2019-07-27', ACTIVITY_DATE) < 30 AND DATEDIFF('2019-07-27', ACTIVITY_DATE) >= 0 GROUP BY 1"
303,Y,Y,"SELECT ACTIVITY_DATE AS DAY, COUNT(DISTINCT USER_ID) AS ACTIVE_USERS FROM ACTIVITY WHERE ACTIVITY_DATE BETWEEN DATE_ADD('2019-07-27', INTERVAL -29 DAY) AND '2019-07-27' GROUP BY ACTIVITY_DATE HAVING COUNT(DISTINCT USER_ID) > 0"
304,Y,Y,"SELECT A.ACTIVITY_DATE AS DAY,COUNT(DISTINCT(USER_ID)) AS ACTIVE_USERS FROM ACTIVITY A WHERE DATEDIFF('2019-07-27',A.ACTIVITY_DATE)+1 BETWEEN 0 AND 30 GROUP BY A.ACTIVITY_DATE"
305,Y,Y,"SELECT DISTINCT ACTIVITY_DATE AS DAY, COUNT(DISTINCT USER_ID) AS ACTIVE_USERS FROM ACTIVITY WHERE ACTIVITY_DATE >= '2019-06-28' AND ACTIVITY_DATE <= '2019-07-27' GROUP BY ACTIVITY_DATE"
306,Y,N,"SELECT ACTIVITY_DATE AS DAY, COUNT(DISTINCT USER_ID) AS ACTIVE_USERS FROM ACTIVITY WHERE DATEDIFF('2019-07-27',ACTIVITY_DATE) < 30 GROUP BY ACTIVITY_DATE HAVING COUNT(USER_ID) > 0"
307,Y,Y,"SELECT ACTIVITY_DATE AS DAY,COUNT(DISTINCT USER_ID) AS ACTIVE_USERS FROM ACTIVITY GROUP BY ACTIVITY_DATE HAVING ACTIVITY_DATE <= '2019-07-27' AND ACTIVITY_DATE >= '2019-06-28'"
308,Y,Y,"SELECT ACTIVITY_DATE AS DAY, COUNT(DISTINCT(USER_ID)) AS ACTIVE_USERS FROM ACTIVITY WHERE ACTIVITY_DATE>= '2019-06-28' AND ACTIVITY_DATE <='2019-07-27' GROUP BY ACTIVITY_DATE"
309,Y,N,"SELECT ACTIVITY_DATE AS DAY, COUNT(DISTINCT (USER_ID)) AS ACTIVE_USERS FROM ACTIVITY WHERE ACTIVITY_DATE > DATE_SUB('2019-07-27',INTERVAL 30 DAY) GROUP BY ACTIVITY_DATE HAVING ACTIVE_USERS> 0"
310,Y,Y,"SELECT ACTIVITY_DATE AS DAY, COUNT(DISTINCT(USER_ID)) AS ACTIVE_USERS FROM ACTIVITY WHERE ACTIVITY_DATE BETWEEN DATE_SUB('2019-07-27', INTERVAL 29 DAY) AND '2019-07-27' AND ACTIVITY_TYPE IS NOT NULL GROUP BY 1"
311,Y,Y,"SELECT ACTIVITY_DATE DAY, COUNT(*) ACTIVE_USERS FROM (SELECT DISTINCT USER_ID, ACTIVITY_DATE FROM ACTIVITY WHERE ACTIVITY_DATE >= DATE_ADD('2019-07-27',INTERVAL -29 DAY) AND ACTIVITY_DATE <='2019-07-27' )A GROUP BY ACTIVITY_DATE HAVING COUNT(*)>='1'"
312,Y,N,"SELECT ACTIVITY_DATE AS DAY, COUNT(DISTINCT USER_ID) AS ACTIVE_USERS FROM ACTIVITY GROUP BY ACTIVITY_DATE HAVING DATEDIFF('2019-07-27',ACTIVITY_DATE)<30 ORDER BY ACTIVITY_DATE ASC"
313,Y,Y,"SELECT ACTIVITY_DATE AS DAY,COUNT(USER_ID) AS ACTIVE_USERS FROM ( SELECT DISTINCT USER_ID,ACTIVITY_DATE FROM ACTIVITY WHERE ACTIVITY_DATE BETWEEN '2019-06-28' AND '2019-07-27' )A GROUP BY 1"
314,Y,Y,"SELECT ACTIVITY_DATE AS DAY, COUNT(DISTINCT USER_ID) AS ACTIVE_USERS FROM ACTIVITY WHERE ACTIVITY_DATE BETWEEN '2019-06-28' AND '2019-07-27' GROUP BY DAY"
315,Y,Y,"SELECT A.ACTIVITY_DATE DAY, COUNT(A.USER_ID) ACTIVE_USERS FROM ( SELECT ACTIVITY_DATE, USER_ID FROM ACTIVITY WHERE ACTIVITY_DATE > DATE_SUB('2019-07-27', INTERVAL 30 DAY) AND ACTIVITY_DATE <= '2019-07-27' GROUP BY ACTIVITY_DATE, USER_ID ) A GROUP BY A.ACTIVITY_DATE ORDER BY A.ACTIVITY_DATE"
316,Y,Y,"SELECT ACTIVITY_DATE AS DAY, COUNT(DISTINCT USER_ID) AS ACTIVE_USERS FROM ACTIVITY WHERE ACTIVITY_DATE BETWEEN '2019-06-28' AND '2019-07-31' GROUP BY ACTIVITY_DATE"
317,Y,Y,"SELECT A.ACTIVITY_DATE DAY , COUNT(DISTINCT A.USER_ID) ACTIVE_USERS FROM ACTIVITY A WHERE '2019-06-27' < ACTIVITY_DATE AND ACTIVITY_DATE <= '2019-07-27' GROUP BY A.ACTIVITY_DATE"
318,Y,Y,"SELECT ACTIVITY_DATE DAY,COUNT(DISTINCT USER_ID) ACTIVE_USERS FROM ACTIVITY WHERE ACTIVITY_DATE <= '2019-07-27' AND DATEDIFF ('2019-07-27' , ACTIVITY_DATE) < 30 GROUP BY ACTIVITY_DATE"
319,Y,Y,"SELECT ACTIVITY_DATE AS DAY, COUNT(DISTINCT USER_ID) AS ACTIVE_USERS FROM ACTIVITY WHERE ACTIVITY_DATE BETWEEN DATE_SUB('2019-07-27', INTERVAL 29 DAY) AND '2019-07-27' GROUP BY ACTIVITY_DATE ORDER BY ACTIVITY_DATE"
320,Y,Y,"SELECT ACTIVITY_DATE AS DAY, COUNT(DISTINCT(USER_ID)) AS ACTIVE_USERS FROM ACTIVITY WHERE ACTIVITY_DATE > '2019-06-27' AND ACTIVITY_DATE <= '2019-07-27' GROUP BY DAY"
321,Y,Y,"SELECT ACTIVITY_DATE AS DAY , COUNT(DISTINCT USER_ID) AS ACTIVE_USERS FROM ACTIVITY WHERE ACTIVITY_DATE <= '2019-07-27' AND DATEDIFF('2019-07-27', ACTIVITY_DATE) < 30 GROUP BY 1"
322,Y,Y,"SELECT ACTIVITY_DATE AS DAY ,COUNT(DISTINCT USER_ID) AS ACTIVE_USERS FROM ACTIVITY WHERE ACTIVITY_DATE BETWEEN CAST('2019-06-28' AS DATE) AND CAST('2019-07-27' AS DATE) GROUP BY ACTIVITY_DATE HAVING COUNT(USER_ID)>0"
323,Y,Y,"SELECT ACTIVITY_DATE AS DAY, COUNT(DISTINCT(USER_ID)) AS ACTIVE_USERS FROM ACTIVITY WHERE DATEDIFF('2019-07-27', ACTIVITY_DATE) < 30 AND DATEDIFF('2019-07-27', ACTIVITY_DATE) >= 0 GROUP BY ACTIVITY_DATE"
324,Y,N,"SELECT ACTIVITY_DATE AS DAY,COUNT(DISTINCT USER_ID) AS ACTIVE_USERS FROM ACTIVITY WHERE ACTIVITY_DATE >= '2019-06-28' GROUP BY DAY"
325,Y,Y,"SELECT ACTIVITY_DATE AS DAY , COUNT(DISTINCT USER_ID) AS ACTIVE_USERS FROM ACTIVITY AS AX1 WHERE ACTIVITY_DATE BETWEEN DATE_ADD('2019-07-27', INTERVAL -29 DAY) AND '2019-07-27' GROUP BY DAY"
326,Y,N,"SELECT ACTIVITY_DATE DAY, COUNT(DISTINCT USER_ID) ACTIVE_USERS FROM ACTIVITY WHERE DATEDIFF(DATE '2019-07-27', ACTIVITY_DATE) < 30 GROUP BY 1"
327,Y,Y,"SELECT ACTIVITY_DATE AS DAY, COUNT(USER_ID) AS ACTIVE_USERS FROM ( SELECT DISTINCT ACTIVITY_DATE, USER_ID FROM ACTIVITY WHERE DATEDIFF('2019-07-27', ACTIVITY_DATE) < 30 AND ACTIVITY_DATE <= '2019-07-27') AS Q1 GROUP BY ACTIVITY_DATE"
328,Y,Y,"SELECT ACTIVITY_DATE AS DAY, COUNT(DISTINCT(USER_ID)) AS ACTIVE_USERS FROM ACTIVITY WHERE DATEDIFF('2019-07-27', ACTIVITY_DATE) < 30 AND -1 < DATEDIFF('2019-07-27', ACTIVITY_DATE) GROUP BY ACTIVITY_DATE"
329,Y,Y,"SELECT ACTIVITY_DATE AS DAY , COUNT(DISTINCT USER_ID) AS ACTIVE_USERS FROM ACTIVITY WHERE (ACTIVITY_DATE BETWEEN DATE_ADD('2019-07-27', INTERVAL -29 DAY) AND '2019-07-27') GROUP BY ACTIVITY_DATE HAVING COUNT(USER_ID) != 0"
330,Y,Y,"SELECT ACTIVITY_DATE AS DAY, COUNT(DISTINCT USER_ID) AS ACTIVE_USERS FROM ACTIVITY GROUP BY ACTIVITY_DATE HAVING TO_DAYS('2019-07-27') - TO_DAYS(ACTIVITY_DATE) BETWEEN 0 AND 29 AND ACTIVE_USERS > 0"
331,Y,Y,"SELECT ACTIVITY_DATE AS DAY, COUNT(DISTINCT(USER_ID)) AS ACTIVE_USERS FROM ACTIVITY WHERE ACTIVITY_DATE <= '2019-07-27' AND ACTIVITY_DATE >= '2019-06-28' GROUP BY DAY"
332,Y,N,"SELECT ACTIVITY_DATE DAY, COUNT(DISTINCT(USER_ID )) ACTIVE_USERS FROM ACTIVITY GROUP BY ACTIVITY_DATE HAVING DATEDIFF('2019-07-27', DAY) < 30"
333,Y,N,"SELECT ACTIVITY_DATE AS DAY, COUNT(DISTINCT USER_ID) AS ACTIVE_USERS FROM ACTIVITY WHERE ACTIVITY_DATE > DATE_SUB('2019-07-27', INTERVAL 30 DAY) AND ACTIVITY_DATE <= '2021-08-27' GROUP BY ACTIVITY_DATE"
334,Y,Y,"SELECT ACTIVITY_DATE AS DAY, COUNT(DISTINCT USER_ID) AS ACTIVE_USERS FROM ACTIVITY WHERE ACTIVITY_DATE BETWEEN '2019-06-28' AND '2019-07-27' GROUP BY DAY HAVING COUNT(ACTIVITY_TYPE) > 0"
335,Y,Y,"SELECT A.ACTIVITY_DATE AS DAY , COUNT(DISTINCT A.USER_ID) AS ACTIVE_USERS FROM ACTIVITY A WHERE A.ACTIVITY_DATE > '2019-06-27' AND A.ACTIVITY_DATE <= '2019-07-27' GROUP BY A.ACTIVITY_DATE"
336,Y,N,"SELECT A.ACTIVITY_DATE AS DAY,COUNT(DISTINCT A.USER_ID) AS ACTIVE_USERS FROM ACTIVITY A WHERE DATEDIFF('2019-07-27',A.ACTIVITY_DATE) < 30 GROUP BY A.ACTIVITY_DATE"
337,Y,Y,"SELECT ACTIVITY_DATE AS DAY, COUNT(DISTINCT USER_ID) AS ACTIVE_USERS FROM ACTIVITY GROUP BY ACTIVITY_DATE HAVING ACTIVITY_DATE > CAST('2019-06-27' AS DATE) AND ACTIVITY_DATE <= CAST('2019-07-27' AS DATE) ORDER BY ACTIVITY_DATE ASC"
338,Y,N,"SELECT ACTIVITY_DATE AS DAY, COUNT(DISTINCT USER_ID) AS ACTIVE_USERS FROM ACTIVITY GROUP BY DAY HAVING ACTIVITY_DATE > (SELECT SUBDATE('2019-07-27', INTERVAL 30 DAY))"
339,Y,Y,"SELECT ACTIVITY_DATE AS DAY, COUNT(DISTINCT USER_ID) ACTIVE_USERS FROM ACTIVITY WHERE ACTIVITY_DATE BETWEEN DATE_SUB('2019-07-28', INTERVAL 30 DAY) AND '2019-07-27' GROUP BY ACTIVITY_DATE"
340,Y,Y,"SELECT ACTIVITY_DATE AS DAY, COUNT(DISTINCT USER_ID) AS ACTIVE_USERS FROM ACTIVITY WHERE ACTIVITY_DATE BETWEEN DATE_SUB('2019-07-27', INTERVAL 29 DAY) AND '2019-07-27' GROUP BY ACTIVITY_DATE ORDER BY DAY"
341,Y,N,"SELECT DISTINCT ACTIVITY_DATE AS DAY, COUNT(DISTINCT USER_ID) AS ACTIVE_USERS FROM ACTIVITY WHERE DATEDIFF('2019-07-27', ACTIVITY_DATE) < 30 GROUP BY DAY HAVING ACTIVE_USERS>0"
342,Y,N,"SELECT ACTIVITY_DATE AS DAY, COUNT(DISTINCT USER_ID) AS ACTIVE_USERS FROM ACTIVITY WHERE DATEDIFF(ACTIVITY_DATE,'2019-07-27')<29 AND DATEDIFF(ACTIVITY_DATE,'2019-07-27')>-30 GROUP BY ACTIVITY_DATE"
343,Y,Y,"SELECT ACTIVITY_DATE AS DAY, COUNT(DISTINCT USER_ID) AS ACTIVE_USERS FROM ACTIVITY WHERE ACTIVITY_DATE BETWEEN DATE_SUB('2019-07-27', INTERVAL 29 DAY) AND '2019-07-28' GROUP BY ACTIVITY_DATE"
344,Y,N,"SELECT ACTIVITY_DATE AS DAY, COUNT(DISTINCT USER_ID) AS ACTIVE_USERS FROM ACTIVITY WHERE DATEDIFF(STR_TO_DATE('2019-07-27', '%Y-%M-%D'),ACTIVITY_DATE) < 30 AND DATEDIFF(STR_TO_DATE('2019-07-27', '%Y-%M-%D'),ACTIVITY_DATE) > 0 GROUP BY ACTIVITY_DATE"
345,Y,Y,"SELECT ACTIVITY_DATE DAY, COUNT(DISTINCT USER_ID) ACTIVE_USERS FROM ACTIVITY WHERE ACTIVITY_DATE BETWEEN '2019-06-28' AND '2019-07-27' GROUP BY ACTIVITY_DATE ORDER BY ACTIVITY_DATE"
346,Y,N,"SELECT ACTIVITY_DATE AS DAY, COUNT(DISTINCT USER_ID) AS ACTIVE_USERS FROM ACTIVITY WHERE ACTIVITY_DATE >= '2019-06-28' GROUP BY ACTIVITY_DATE HAVING COUNT(DISTINCT USER_ID) > 0"
347,Y,Y,"SELECT ACTIVITY_DATE DAY, COUNT(DISTINCT(USER_ID)) ACTIVE_USERS FROM ACTIVITY WHERE ACTIVITY_DATE BETWEEN DATE_SUB('2019-07-27', INTERVAL 29 DAY) AND '2019-07-27' GROUP BY ACTIVITY_DATE"
348,Y,N,"SELECT ACTIVITY_DATE AS DAY , COUNT(DISTINCT USER_ID) AS ACTIVE_USERS FROM ACTIVITY WHERE ACTIVITY_DATE BETWEEN DATE_ADD('2019-07-27', INTERVAL -29 DAY) AND '2019-07-27' OR ACTIVITY_DATE >= '2019-07-27' GROUP BY ACTIVITY_DATE"
349,Y,N,"SELECT X.DAY, COUNT(DISTINCT X.USER_ID) AS ACTIVE_USERS FROM (SELECT DISTINCT ACTIVITY_DATE AS DAY, USER_ID FROM ACTIVITY WHERE DATEDIFF('2019-07-27', ACTIVITY_DATE) < 30) X GROUP BY(DAY)"
350,Y,N,"SELECT ACTIVITY_DATE AS DAY, COUNT(DISTINCT USER_ID) AS ACTIVE_USERS FROM ACTIVITY WHERE DATEDIFF('2019-07-27', ACTIVITY_DATE) < 30 GROUP BY ACTIVITY_DATE HAVING ACTIVE_USERS > 0"
351,Y,Y,"SELECT ACTIVITY_DATE AS DAY, COUNT(DISTINCT USER_ID) AS ACTIVE_USERS FROM ACTIVITY WHERE DATEDIFF(DATE('2019-07-27'), ACTIVITY_DATE) BETWEEN 0 AND 29 GROUP BY ACTIVITY_DATE"
352,Y,Y,"SELECT ACTIVITY_DATE AS DAY, COUNT(DISTINCT USER_ID) AS ACTIVE_USERS FROM ACTIVITY WHERE ACTIVITY_DATE >= DATE_ADD('2019-07-27', INTERVAL -29 DAY) AND ACTIVITY_DATE <= '2019-07-27' GROUP BY ACTIVITY_DATE"
353,Y,Y,"SELECT ACTIVITY_DATE DAY, COUNT(DISTINCT USER_ID) AS ACTIVE_USERS FROM ACTIVITY WHERE ACTIVITY_DATE BETWEEN DATE_SUB('2019-07-27', INTERVAL 29 DAY) AND '2019-07-27' GROUP BY 1 ORDER BY 1"
354,Y,Y,"SELECT ACTIVITY_DATE AS DAY, COUNT(DISTINCT USER_ID) AS ACTIVE_USERS FROM ACTIVITY WHERE ACTIVITY_DATE BETWEEN (SELECT ADDDATE('2019-07-27',INTERVAL -29 DAY)) AND '2019-07-27' GROUP BY ACTIVITY_DATE"
355,Y,Y,"SELECT ACTIVITY_DATE AS DAY, COUNT(DISTINCT(USER_ID )) AS ACTIVE_USERS FROM ACTIVITY GROUP BY ACTIVITY_DATE HAVING ACTIVITY_DATE <= '2019-07-27' AND ACTIVITY_DATE >= '2019-06-28'"
356,Y,Y,"SELECT ACTIVITY_DATE AS DAY, COUNT(DISTINCT USER_ID) AS ACTIVE_USERS FROM ACTIVITY WHERE ACTIVITY_DATE BETWEEN DATE_SUB('2019-07-28', INTERVAL 30 DAY) AND '2019-07-27' AND ACTIVITY_TYPE IS NOT NULL GROUP BY ACTIVITY_DATE"
357,Y,N,"SELECT ACTIVITY_DATE DAY, COUNT(DISTINCT USER_ID) ACTIVE_USERS FROM ACTIVITY WHERE DATEDIFF('2019-07-27', ACTIVITY_DATE) <= 29 GROUP BY ACTIVITY_DATE"
358,Y,N,"SELECT ACTIVITY_DATE AS DAY, COUNT(DISTINCT USER_ID) AS ACTIVE_USERS FROM ACTIVITY WHERE DATEDIFF('2019-07-27',ACTIVITY_DATE)<30 GROUP BY 1 ORDER BY 1"
359,Y,Y,"SELECT ACTIVITY_DATE AS DAY, COUNT(DISTINCT USER_ID) AS ACTIVE_USERS FROM ACTIVITY WHERE ACTIVITY_DATE > CAST('2019-06-27' AS DATE) AND ACTIVITY_DATE <= CAST('2019-07-27' AS DATE) GROUP BY ACTIVITY_DATE"
360,Y,Y,"SELECT DISTINCT ACTIVITY_DATE AS DAY, COUNT(DISTINCT USER_ID) AS ACTIVE_USERS FROM ACTIVITY GROUP BY ACTIVITY_DATE HAVING DATEDIFF('2019-07-27', ACTIVITY_DATE) < 30 AND ACTIVITY_DATE <= '2019-07-27'"
361,Y,Y,"WITH X AS (SELECT * FROM ACTIVITY WHERE ACTIVITY_DATE<='2019-07-27' AND ACTIVITY_DATE>'2019-06-27') SELECT ACTIVITY_DATE AS DAY,COUNT(DISTINCT USER_ID) AS ACTIVE_USERS FROM X GROUP BY ACTIVITY_DATE"
362,Y,Y,"SELECT ACTIVITY_DATE AS DAY, COUNT(DISTINCT USER_ID) AS ACTIVE_USERS FROM ACTIVITY WHERE ACTIVITY_DATE BETWEEN '2019-07-27'-INTERVAL 29 DAY AND '2019-07-27' GROUP BY 1"
